"Date","Price","Open","High","Low","Vol.","Change %"
"Oct 28, 2020","6.57","6.73","6.74","6.57","9.46M","-2.95%"
"Oct 27, 2020","6.77","6.81","6.87","6.66","28.49M","-1.31%"
"Oct 26, 2020","6.86","7.26","7.27","6.81","24.48M","-6.92%"
"Oct 23, 2020","7.37","7.47","7.54","7.27","17.53M","-1.60%"
"Oct 22, 2020","7.49","7.80","7.83","7.47","31.05M","-4.34%"
"Oct 21, 2020","7.83","7.82","7.93","7.75","34.26M","0.77%"
"Oct 20, 2020","7.77","7.56","7.82","7.51","34.63M","2.78%"
"Oct 19, 2020","7.56","7.56","7.64","7.56","23.34M","0.53%"
"Oct 16, 2020","7.52","7.46","7.52","7.40","15.75M","1.62%"
"Oct 15, 2020","7.40","7.39","7.47","7.30","11.20M","-0.54%"
"Oct 14, 2020","7.44","7.48","7.51","7.35","21.61M","-0.13%"
"Oct 13, 2020","7.45","7.48","7.58","7.40","21.67M","-0.53%"
"Oct 12, 2020","7.49","7.28","7.49","7.26","25.27M","3.17%"
"Oct 09, 2020","7.26","7.12","7.26","7.10","14.40M","1.97%"
"Oct 08, 2020","7.12","7.27","7.29","7.09","19.72M","-2.20%"
"Oct 07, 2020","7.28","7.27","7.30","7.21","15.37M","-0.55%"
"Oct 06, 2020","7.32","7.34","7.44","7.31","24.45M","0.00%"
"Oct 05, 2020","7.32","7.18","7.32","7.18","15.51M","2.09%"
"Oct 02, 2020","7.17","7.17","7.23","7.14","12.10M","-0.42%"
"Oct 01, 2020","7.20","7.20","7.23","7.09","21.40M","0.84%"
"Sep 30, 2020","7.14","7.02","7.17","7.02","24.61M","2.15%"
"Sep 29, 2020","6.99","6.99","7.07","6.92","17.69M","0.00%"
"Sep 28, 2020","6.99","7.12","7.17","6.96","25.66M","-1.83%"
"Sep 25, 2020","7.12","7.01","7.16","7.01","61.14M","2.89%"
"Sep 24, 2020","6.92","6.76","6.93","6.72","29.02M","2.22%"
"Sep 23, 2020","6.77","6.80","6.83","6.77","13.98M","0.00%"
"Sep 22, 2020","6.77","6.72","6.78","6.69","9.12M","0.89%"
"Sep 21, 2020","6.71","6.84","6.86","6.70","11.85M","-2.19%"
"Sep 18, 2020","6.86","6.90","6.93","6.85","9.23M","-0.58%"
"Sep 17, 2020","6.90","6.88","6.91","6.85","10.52M","-0.29%"
"Sep 16, 2020","6.92","6.95","7.00","6.90","10.26M","-0.14%"
"Sep 15, 2020","6.93","6.95","7.01","6.90","15.39M","-0.14%"
"Sep 14, 2020","6.94","6.95","6.98","6.94","7.86M","0.00%"
"Sep 11, 2020","6.94","6.97","7.00","6.93","8.81M","-0.43%"
"Sep 10, 2020","6.97","7.00","7.04","6.97","18.47M","-0.14%"
"Sep 09, 2020","6.98","6.94","6.98","6.92","11.56M","0.58%"
"Sep 08, 2020","6.94","7.00","7.04","6.93","15.85M","-0.43%"
"Sep 07, 2020","6.97","6.95","7.03","6.95","14.42M","0.58%"
"Sep 04, 2020","6.93","6.91","6.96","6.89","14.05M","0.00%"
"Sep 03, 2020","6.93","7.08","7.15","6.93","28.41M","-1.70%"
"Sep 02, 2020","7.05","6.87","7.08","6.85","30.09M","2.17%"
"Sep 01, 2020","6.90","6.86","6.90","6.74","14.89M","1.02%"
"Aug 31, 2020","6.83","6.90","6.94","6.79","17.54M","-1.59%"
"Aug 28, 2020","6.94","7.02","7.03","6.87","17.06M","-0.43%"
"Aug 27, 2020","6.97","6.98","7.08","6.96","27.63M","0.58%"
"Aug 26, 2020","6.93","6.84","6.99","6.79","27.23M","1.32%"
"Aug 25, 2020","6.84","7.02","7.04","6.79","27.05M","-1.87%"
"Aug 24, 2020","6.97","7.12","7.15","6.96","29.43M","-1.97%"
"Aug 21, 2020","7.11","7.19","7.27","7.05","45.52M","-0.42%"
"Aug 20, 2020","7.14","7.15","7.20","7.04","37.73M","-0.70%"
"Aug 19, 2020","7.19","6.97","7.19","6.96","46.11M","3.90%"
"Aug 18, 2020","6.92","6.76","7.01","6.71","80.60M","2.37%"
"Aug 17, 2020","6.76","6.99","6.99","6.71","47.63M","-3.01%"
"Aug 14, 2020","6.97","7.26","7.27","6.96","39.18M","-4.26%"
"Aug 13, 2020","7.28","7.77","7.82","7.28","61.24M","-4.59%"
"Aug 12, 2020","7.63","7.40","7.71","7.33","57.72M","4.23%"
"Aug 11, 2020","7.32","7.06","7.34","7.05","34.65M","4.13%"
"Aug 10, 2020","7.03","6.83","7.08","6.74","22.16M","1.01%"
"Aug 07, 2020","6.96","6.83","7.02","6.49","37.00M","1.31%"
"Aug 06, 2020","6.87","7.37","7.48","6.83","26.03M","-7.79%"
"Aug 05, 2020","7.45","7.15","7.45","6.95","27.68M","5.23%"
"Aug 04, 2020","7.08","7.35","7.41","6.99","24.23M","-2.21%"
"Jul 30, 2020","7.24","7.44","7.45","7.24","8.42M","-2.43%"
"Jul 29, 2020","7.42","7.50","7.67","7.28","32.15M","-2.37%"
"Jul 28, 2020","7.60","8.14","8.14","7.59","33.65M","-7.32%"
"Jul 27, 2020","8.20","8.10","8.23","8.07","20.91M","1.99%"
"Jul 24, 2020","8.04","8.07","8.11","7.99","14.38M","-0.86%"
"Jul 23, 2020","8.11","8.16","8.22","8.08","18.00M","-0.25%"
"Jul 22, 2020","8.13","8.08","8.22","8.05","28.20M","0.99%"
"Jul 21, 2020","8.05","8.28","8.30","7.96","23.92M","-2.07%"
"Jul 20, 2020","8.22","8.32","8.36","8.21","21.27M","-1.20%"
"Jul 17, 2020","8.32","8.05","8.32","8.02","30.65M","3.61%"
"Jul 16, 2020","8.03","8.12","8.16","8.03","16.81M","-0.25%"
"Jul 14, 2020","8.05","8.11","8.15","8.00","16.31M","-1.35%"
"Jul 13, 2020","8.16","8.01","8.17","8.00","12.84M","3.29%"
"Jul 10, 2020","7.90","7.87","7.98","7.68","17.23M","-0.88%"
"Jul 09, 2020","7.97","8.37","8.40","7.96","19.53M","-3.98%"
"Jul 08, 2020","8.30","8.29","8.45","8.24","43.93M","1.97%"
"Jul 07, 2020","8.14","8.24","8.26","8.05","19.63M","-0.97%"
"Jul 06, 2020","8.22","8.24","8.28","8.19","14.42M","0.74%"
"Jul 03, 2020","8.16","8.20","8.32","8.11","36.30M","0.49%"
"Jul 02, 2020","8.12","7.98","8.17","7.96","18.78M","2.01%"
"Jul 01, 2020","7.96","8.14","8.19","7.90","16.65M","-1.85%"
"Jun 30, 2020","8.11","8.09","8.17","8.07","15.60M","0.75%"
"Jun 29, 2020","8.05","8.08","8.13","8.05","11.84M","-0.49%"
"Jun 26, 2020","8.09","7.97","8.11","7.97","18.13M","2.02%"
"Jun 25, 2020","7.93","8.04","8.08","7.87","16.54M","-1.37%"
"Jun 24, 2020","8.04","8.11","8.17","7.94","22.09M","-0.86%"
"Jun 23, 2020","8.11","7.83","8.21","7.80","51.18M","4.24%"
"Jun 22, 2020","7.78","7.82","7.93","7.77","13.79M","0.00%"
"Jun 19, 2020","7.78","8.15","8.20","7.78","33.30M","-3.23%"
"Jun 18, 2020","8.04","7.76","8.21","7.75","91.13M","4.55%"
"Jun 17, 2020","7.69","7.70","7.84","7.66","22.71M","0.00%"
"Jun 16, 2020","7.69","7.54","7.78","7.54","18.48M","2.81%"
"Jun 15, 2020","7.48","7.44","7.50","7.40","8.41M","-0.66%"
"Jun 12, 2020","7.53","7.38","7.57","7.36","12.57M","0.53%"
"Jun 11, 2020","7.49","7.47","7.54","7.44","8.58M","-0.79%"
"Jun 10, 2020","7.55","7.53","7.62","7.50","14.42M","0.40%"
"Jun 09, 2020","7.52","7.64","7.67","7.49","8.97M","-1.31%"
"Jun 08, 2020","7.62","7.72","7.78","7.60","15.07M","-0.91%"
"Jun 05, 2020","7.69","7.60","7.71","7.59","22.43M","1.18%"
"Jun 04, 2020","7.60","7.67","7.68","7.53","13.80M","-0.91%"
"Jun 03, 2020","7.67","7.69","7.72","7.59","13.51M","0.52%"
"Jun 02, 2020","7.63","7.52","7.65","7.51","15.43M","1.46%"
"Jun 01, 2020","7.52","7.50","7.54","7.47","7.89M","1.21%"
"May 29, 2020","7.43","7.53","7.55","7.43","8.75M","-1.85%"
"May 28, 2020","7.57","7.70","7.74","7.54","15.02M","-1.43%"
"May 27, 2020","7.68","7.71","7.85","7.64","31.00M","1.32%"
"May 22, 2020","7.58","7.57","7.62","7.52","9.30M","-0.66%"
"May 21, 2020","7.63","7.70","7.72","7.56","12.22M","-0.91%"
"May 20, 2020","7.70","7.70","7.75","7.65","18.18M","0.92%"
"May 18, 2020","7.63","7.57","7.66","7.55","19.70M","2.14%"
"May 15, 2020","7.47","7.51","7.59","7.45","28.66M","0.27%"
"May 14, 2020","7.45","7.53","7.63","7.27","44.56M","-1.06%"
"May 13, 2020","7.53","7.37","7.57","7.28","43.15M","2.31%"
"May 12, 2020","7.36","7.07","7.42","7.04","49.76M","4.40%"
"May 11, 2020","7.05","6.99","7.08","6.90","17.28M","2.47%"
"May 08, 2020","6.88","7.21","7.24","6.88","27.79M","-3.51%"
"May 07, 2020","7.13","7.07","7.20","6.97","17.02M","0.71%"
"May 06, 2020","7.08","7.16","7.22","7.06","16.14M","-1.12%"
"May 05, 2020","7.16","7.17","7.24","7.08","18.65M","1.13%"
"May 04, 2020","7.08","7.22","7.43","7.02","23.41M","-4.07%"
"Apr 30, 2020","7.38","7.52","7.53","7.15","12.75M","-1.20%"
"Apr 29, 2020","7.47","7.40","7.66","7.39","20.34M","1.77%"
"Apr 28, 2020","7.34","7.33","7.48","7.31","18.74M","0.41%"
"Apr 27, 2020","7.31","7.20","7.36","7.17","19.65M","3.25%"
"Apr 24, 2020","7.08","7.00","7.23","7.00","27.11M","1.43%"
"Apr 22, 2020","6.98","6.83","7.01","6.83","14.20M","2.20%"
"Apr 21, 2020","6.83","6.84","6.88","6.78","7.77M","-0.87%"
"Apr 20, 2020","6.89","6.83","7.01","6.78","19.64M","1.17%"
"Apr 17, 2020","6.81","6.94","6.96","6.80","16.25M","0.44%"
"Apr 16, 2020","6.78","6.83","6.93","6.77","12.00M","0.30%"
"Apr 15, 2020","6.76","7.10","7.11","6.75","17.52M","-4.52%"
"Apr 14, 2020","7.08","7.09","7.15","7.01","17.09M","0.85%"
"Apr 13, 2020","7.02","6.95","7.11","6.90","10.07M","-0.28%"
"Apr 10, 2020","7.04","7.12","7.14","7.02","8.10M","-1.12%"
"Apr 09, 2020","7.12","7.10","7.20","6.93","18.94M","1.42%"
"Apr 08, 2020","7.02","6.74","7.03","6.72","20.45M","4.15%"
"Apr 07, 2020","6.74","6.68","6.96","6.68","20.54M","1.66%"
"Apr 06, 2020","6.63","6.58","6.67","6.55","10.42M","2.16%"
"Apr 03, 2020","6.49","6.52","6.60","6.44","11.34M","-0.46%"
"Apr 02, 2020","6.52","6.55","6.57","6.44","7.89M","0.46%"
"Apr 01, 2020","6.49","6.53","6.60","6.45","13.28M","-3.13%"
"Mar 31, 2020","6.70","6.73","6.81","6.67","11.56M","0.75%"
"Mar 30, 2020","6.65","6.53","6.74","6.53","9.30M","1.37%"
"Mar 27, 2020","6.56","6.97","7.06","6.54","17.94M","-6.29%"
"Mar 26, 2020","7.00","6.54","7.00","6.24","24.53M","6.38%"
"Mar 25, 2020","6.58","6.85","7.13","6.58","24.04M","-2.95%"
"Mar 24, 2020","6.78","6.42","6.79","6.39","21.12M","9.35%"
"Mar 23, 2020","6.20","6.00","6.32","5.81","29.55M","2.14%"
"Mar 20, 2020","6.07","5.79","6.16","5.79","21.85M","6.30%"
"Mar 19, 2020","5.71","5.65","5.87","5.65","13.23M","-0.70%"
"Mar 18, 2020","5.75","5.75","6.15","5.69","13.52M","-2.54%"
"Mar 17, 2020","5.90","6.00","6.05","5.35","14.15M","0.51%"
"Mar 16, 2020","5.87","6.02","6.18","5.67","10.59M","-6.83%"
"Mar 13, 2020","6.30","6.20","6.79","5.97","17.21M","1.61%"
"Mar 12, 2020","6.20","6.66","6.77","6.11","16.97M","-10.14%"
"Mar 11, 2020","6.90","6.90","7.23","6.64","14.95M","-0.86%"
"Mar 10, 2020","6.96","7.21","7.41","6.96","13.81M","-0.71%"
"Mar 09, 2020","7.01","7.58","7.58","6.86","16.40M","-10.13%"
"Mar 06, 2020","7.80","8.06","8.15","7.74","11.46M","-3.35%"
"Mar 05, 2020","8.07","7.98","8.24","7.97","15.98M","3.07%"
"Mar 04, 2020","7.83","8.00","8.32","7.80","21.84M","-3.93%"
"Mar 03, 2020","8.15","7.70","8.15","7.67","9.77M","7.80%"
"Mar 02, 2020","7.56","7.71","7.87","7.53","9.38M","0.40%"
"Feb 28, 2020","7.53","6.84","7.83","6.83","12.07M","-6.11%"
"Feb 27, 2020","8.02","8.23","8.64","7.91","27.73M","-4.41%"
"Feb 26, 2020","8.39","8.32","8.42","8.20","16.95M","0.24%"
"Feb 25, 2020","8.37","8.46","8.49","8.22","15.00M","-0.36%"
"Feb 24, 2020","8.40","8.56","8.61","8.21","21.08M","-3.00%"
"Feb 21, 2020","8.66","8.28","8.68","8.27","25.71M","3.84%"
"Feb 20, 2020","8.34","8.56","8.59","8.10","25.28M","-2.57%"
"Feb 19, 2020","8.56","8.39","8.61","8.39","27.55M","2.27%"
"Feb 18, 2020","8.37","8.40","8.45","8.28","10.33M","-0.83%"
"Feb 17, 2020","8.44","8.30","8.48","8.24","16.50M","2.30%"
"Feb 14, 2020","8.25","8.27","8.52","8.22","33.13M","0.12%"
"Feb 13, 2020","8.24","8.58","8.70","8.21","57.17M","0.00%"
"Feb 12, 2020","8.24","8.01","8.42","7.96","34.35M","3.26%"
"Feb 11, 2020","7.98","7.86","7.98","7.75","13.69M","2.57%"
"Feb 10, 2020","7.78","7.80","7.98","7.66","16.04M","-0.89%"
"Feb 07, 2020","7.85","7.93","7.99","7.85","11.48M","-0.88%"
"Feb 06, 2020","7.92","8.09","8.14","7.84","13.61M","-1.61%"
"Feb 05, 2020","8.05","8.12","8.18","7.96","12.11M","-0.74%"
"Feb 04, 2020","8.11","7.99","8.11","7.97","9.22M","2.40%"
"Feb 03, 2020","7.92","7.75","7.94","7.68","12.20M","2.19%"
"Jan 31, 2020","7.75","8.05","8.06","7.75","17.68M","-3.61%"
"Jan 30, 2020","8.04","8.07","8.11","7.89","12.21M","-0.86%"
"Jan 29, 2020","8.11","7.96","8.24","7.94","19.33M","2.40%"
"Jan 28, 2020","7.92","7.97","7.97","7.81","9.46M","0.13%"
"Jan 27, 2020","7.91","8.00","8.05","7.85","11.54M","-1.74%"
"Jan 24, 2020","8.05","8.14","8.19","7.94","25.81M","1.13%"
"Jan 23, 2020","7.96","7.95","8.05","7.88","9.56M","-0.38%"
"Jan 22, 2020","7.99","8.07","8.11","7.87","10.22M","-0.75%"
"Jan 21, 2020","8.05","7.88","8.05","7.80","12.23M","1.39%"
"Jan 20, 2020","7.94","8.00","8.12","7.86","11.69M","-0.75%"
"Jan 17, 2020","8.00","7.97","8.03","7.92","7.09M","0.63%"
"Jan 16, 2020","7.95","8.06","8.19","7.89","15.88M","-1.24%"
"Jan 15, 2020","8.05","8.23","8.32","8.04","18.69M","-2.19%"
"Jan 14, 2020","8.23","7.96","8.24","7.95","16.06M","3.39%"
"Jan 13, 2020","7.96","7.91","8.09","7.88","16.82M","1.53%"
"Jan 10, 2020","7.84","7.68","7.89","7.65","13.55M","2.08%"
"Jan 09, 2020","7.68","7.34","7.73","7.34","19.61M","6.82%"
"Jan 08, 2020","7.19","7.00","7.30","7.00","13.99M","0.84%"
"Jan 07, 2020","7.13","7.14","7.23","7.12","7.73M","0.85%"
"Jan 06, 2020","7.07","7.27","7.27","7.00","12.75M","-2.75%"
"Jan 03, 2020","7.27","7.37","7.41","7.20","9.51M","-1.89%"
"Jan 02, 2020","7.41","7.38","7.50","7.36","9.02M","0.54%"
"Dec 31, 2019","7.37","7.36","7.45","7.34","8.07M","0.41%"
"Dec 30, 2019","7.34","7.37","7.41","7.31","8.26M","-0.27%"
"Dec 27, 2019","7.36","7.40","7.40","7.30","5.12M","-0.54%"
"Dec 26, 2019","7.40","7.39","7.48","7.30","5.82M","0.00%"
"Dec 25, 2019","7.40","7.36","7.40","7.33","3.87M","0.54%"
"Dec 24, 2019","7.36","7.21","7.38","7.21","12.89M","2.65%"
"Dec 23, 2019","7.17","7.16","7.20","7.13","6.74M","0.28%"
"Dec 20, 2019","7.15","7.19","7.21","7.12","6.60M","-0.14%"
"Dec 19, 2019","7.16","7.17","7.20","7.12","7.03M","0.28%"
"Dec 18, 2019","7.14","7.22","7.26","7.10","11.72M","-1.52%"
"Dec 17, 2019","7.25","7.32","7.37","7.19","11.24M","-0.82%"
"Dec 16, 2019","7.31","7.16","7.35","7.13","16.50M","1.81%"
"Dec 13, 2019","7.18","7.18","7.32","7.14","20.49M","0.42%"
"Dec 12, 2019","7.15","7.03","7.18","7.03","19.16M","1.85%"
"Dec 11, 2019","7.02","7.16","7.19","7.02","21.22M","-2.23%"
"Dec 10, 2019","7.18","7.11","7.40","7.09","66.24M","0.42%"
"Dec 09, 2019","7.15","7.27","7.27","7.09","22.71M","-1.11%"
"Dec 06, 2019","7.23","7.14","7.46","7.13","60.76M","1.54%"
"Dec 05, 2019","7.12","6.95","7.41","6.89","48.81M","2.89%"
"Dec 04, 2019","6.92","7.01","7.07","6.86","15.99M","-0.57%"
"Dec 03, 2019","6.96","6.88","7.13","6.87","20.76M","0.58%"
"Dec 02, 2019","6.92","6.80","6.95","6.78","17.39M","2.37%"
"Nov 29, 2019","6.76","6.82","6.87","6.74","11.68M","-0.88%"
"Nov 28, 2019","6.82","6.89","6.92","6.79","21.42M","-0.15%"
"Nov 27, 2019","6.83","6.83","7.03","6.80","27.47M","-0.44%"
"Nov 26, 2019","6.86","6.90","6.94","6.76","20.25M","-1.01%"
"Nov 25, 2019","6.93","7.13","7.19","6.90","20.11M","-2.53%"
"Nov 22, 2019","7.11","7.20","7.27","7.04","13.29M","-0.97%"
"Nov 21, 2019","7.18","7.06","7.26","7.06","19.89M","1.56%"
"Nov 20, 2019","7.07","7.09","7.14","6.95","16.82M","-0.70%"
"Nov 19, 2019","7.12","7.06","7.20","6.98","22.75M","1.14%"
"Nov 18, 2019","7.04","6.96","7.12","6.96","13.41M","1.44%"
"Nov 15, 2019","6.94","6.98","7.04","6.89","15.00M","-0.14%"
"Nov 14, 2019","6.95","6.86","7.08","6.83","31.47M","0.00%"
"Nov 13, 2019","6.95","7.02","7.03","6.85","20.47M","-0.57%"
"Nov 12, 2019","6.99","6.58","7.02","6.58","39.34M","6.72%"
"Nov 11, 2019","6.55","6.58","6.64","6.51","21.59M","-1.06%"
"Nov 08, 2019","6.62","6.60","6.69","6.46","33.42M","0.61%"
"Nov 07, 2019","6.58","6.44","6.61","6.44","29.93M","2.81%"
"Nov 06, 2019","6.40","6.27","6.46","6.23","36.48M","2.40%"
"Nov 05, 2019","6.25","6.19","6.30","6.12","31.58M","0.97%"
"Nov 04, 2019","6.19","6.05","6.24","6.00","34.10M","3.00%"
"Nov 01, 2019","6.01","5.94","6.05","5.83","56.01M","3.44%"
"Oct 31, 2019","5.81","5.79","5.84","5.76","15.16M","0.69%"
"Oct 30, 2019","5.77","5.81","5.82","5.73","14.82M","-1.37%"
"Oct 28, 2019","5.85","5.82","5.89","5.78","7.75M","0.86%"
"Oct 25, 2019","5.80","5.75","5.83","5.74","14.71M","0.69%"
"Oct 24, 2019","5.76","5.80","5.86","5.68","24.06M","0.17%"
"Oct 23, 2019","5.75","5.68","5.76","5.67","15.31M","2.31%"
"Oct 22, 2019","5.62","5.57","5.67","5.56","19.86M","1.08%"
"Oct 21, 2019","5.56","5.53","5.62","5.48","16.95M","0.72%"
"Oct 18, 2019","5.52","5.41","5.53","5.37","20.48M","5.54%"
"Oct 17, 2019","5.23","5.23","5.31","5.14","12.56M","-0.19%"
"Oct 16, 2019","5.24","4.99","5.28","4.97","16.53M","0.96%"
"Oct 15, 2019","5.19","5.15","5.23","5.10","18.13M","2.98%"
"Oct 14, 2019","5.04","5.39","5.41","5.02","25.13M","-7.86%"
"Oct 11, 2019","5.47","5.40","5.47","5.38","16.28M","2.24%"
"Oct 10, 2019","5.35","5.40","5.43","5.24","22.06M","-0.56%"
"Oct 09, 2019","5.38","5.51","5.55","5.38","23.18M","-2.00%"
"Oct 08, 2019","5.49","5.41","5.53","5.33","30.64M","0.73%"
"Oct 07, 2019","5.45","5.46","5.60","5.41","26.08M","-0.37%"
"Oct 04, 2019","5.47","5.55","5.58","5.46","28.97M","-0.91%"
"Oct 03, 2019","5.52","5.69","5.70","5.49","26.90M","-2.47%"
"Oct 02, 2019","5.66","5.73","5.77","5.66","22.07M","-1.22%"
"Oct 01, 2019","5.73","5.83","5.85","5.63","33.47M","-1.38%"
"Sep 30, 2019","5.81","5.84","5.95","5.80","46.89M","-0.17%"
"Sep 27, 2019","5.82","5.80","5.88","5.75","47.92M","0.00%"
"Sep 26, 2019","5.82","5.82","5.87","5.74","35.52M","0.34%"
"Sep 25, 2019","5.80","5.71","5.87","5.65","55.86M","1.58%"
"Sep 24, 2019","5.71","5.93","5.95","5.66","58.65M","-2.23%"
"Sep 23, 2019","5.84","5.79","5.90","5.70","50.84M","1.74%"
"Sep 20, 2019","5.74","5.66","6.04","5.57","164.04M","1.41%"
"Sep 19, 2019","5.66","5.43","5.75","5.30","78.14M","4.24%"
"Sep 18, 2019","5.43","5.38","5.47","5.33","29.79M","1.12%"
"Sep 17, 2019","5.37","5.53","5.54","5.27","28.22M","-2.72%"
"Sep 16, 2019","5.52","5.61","5.63","5.50","17.18M","-2.13%"
"Sep 13, 2019","5.64","5.54","5.65","5.50","47.89M","2.17%"
"Sep 12, 2019","5.52","5.51","5.62","5.49","35.85M","0.55%"
"Sep 11, 2019","5.49","5.50","5.56","5.47","15.21M","0.18%"
"Sep 10, 2019","5.48","5.60","5.61","5.47","16.07M","-1.97%"
"Sep 09, 2019","5.59","5.60","5.64","5.55","15.58M","0.90%"
"Sep 06, 2019","5.54","5.66","5.75","5.54","20.11M","-2.12%"
"Sep 05, 2019","5.66","5.71","5.76","5.66","19.48M","-0.70%"
"Sep 04, 2019","5.70","5.73","5.81","5.66","15.49M","0.88%"
"Sep 03, 2019","5.65","5.46","5.69","5.45","30.20M","3.48%"
"Sep 02, 2019","5.46","5.31","5.54","5.30","20.38M","3.02%"
"Aug 29, 2019","5.30","5.31","5.34","5.27","14.42M","0.00%"
"Aug 28, 2019","5.30","5.25","5.36","5.23","22.59M","1.34%"
"Aug 27, 2019","5.23","5.38","5.39","5.23","19.00M","-2.61%"
"Aug 26, 2019","5.37","5.26","5.46","5.25","16.68M","-0.74%"
"Aug 23, 2019","5.41","5.29","5.43","5.24","15.81M","2.66%"
"Aug 22, 2019","5.27","5.41","5.47","5.21","25.79M","-2.95%"
"Aug 21, 2019","5.43","5.46","5.50","5.38","21.46M","-0.73%"
"Aug 20, 2019","5.47","5.32","5.47","5.29","36.74M","2.43%"
"Aug 19, 2019","5.34","5.22","5.45","5.18","40.11M","3.49%"
"Aug 16, 2019","5.16","5.31","5.34","5.16","20.80M","-1.71%"
"Aug 15, 2019","5.25","5.59","5.60","5.25","23.88M","-6.91%"
"Aug 09, 2019","5.64","5.62","5.67","5.43","20.51M","0.18%"
"Aug 08, 2019","5.63","5.47","5.63","5.45","21.39M","4.07%"
"Aug 07, 2019","5.41","5.45","5.53","5.37","28.56M","-0.18%"
"Aug 06, 2019","5.42","5.25","5.42","5.25","24.05M","3.63%"
"Aug 05, 2019","5.23","5.21","5.34","5.19","15.78M","0.38%"
"Aug 02, 2019","5.21","5.26","5.37","5.21","16.85M","-1.14%"
"Aug 01, 2019","5.27","5.37","5.39","5.27","14.21M","-2.23%"
"Jul 31, 2019","5.39","5.62","5.63","5.39","51.54M","-3.75%"
"Jul 30, 2019","5.60","5.78","5.79","5.58","22.41M","-2.78%"
"Jul 29, 2019","5.76","5.73","5.85","5.59","28.86M","0.52%"
"Jul 26, 2019","5.73","5.56","5.78","5.49","29.14M","3.62%"
"Jul 25, 2019","5.53","5.51","5.59","5.41","25.27M","0.73%"
"Jul 24, 2019","5.49","5.57","5.59","5.44","13.73M","-1.26%"
"Jul 23, 2019","5.56","5.48","5.71","5.47","20.97M","1.65%"
"Jul 22, 2019","5.47","5.60","5.67","5.45","18.18M","-2.50%"
"Jul 19, 2019","5.61","5.62","5.74","5.54","24.82M","0.90%"
"Jul 18, 2019","5.56","5.39","5.63","5.35","34.39M","3.15%"
"Jul 17, 2019","5.39","5.34","5.41","5.27","15.91M","1.32%"
"Jul 16, 2019","5.32","5.30","5.38","5.22","19.19M","0.38%"
"Jul 12, 2019","5.30","5.43","5.47","5.24","21.23M","-2.03%"
"Jul 11, 2019","5.41","5.27","5.44","5.21","24.24M","3.64%"
"Jul 10, 2019","5.22","5.00","5.22","4.89","15.17M","3.98%"
"Jul 09, 2019","5.02","5.18","5.22","5.02","15.60M","-3.28%"
"Jul 08, 2019","5.19","5.16","5.23","5.13","19.73M","-1.70%"
"Jul 05, 2019","5.28","5.36","5.38","5.26","17.97M","-1.49%"
"Jul 04, 2019","5.36","5.26","5.37","5.26","23.54M","2.68%"
"Jul 03, 2019","5.22","5.26","5.28","5.16","21.09M","-0.76%"
"Jul 02, 2019","5.26","5.25","5.31","5.17","24.55M","0.19%"
"Jul 01, 2019","5.25","5.11","5.29","5.08","37.80M","5.42%"
"Jun 28, 2019","4.98","5.07","5.09","4.96","21.76M","-1.19%"
"Jun 27, 2019","5.04","5.05","5.13","5.03","28.52M","0.20%"
"Jun 26, 2019","5.03","4.95","5.06","4.94","28.36M","1.41%"
"Jun 25, 2019","4.96","4.84","4.96","4.81","25.51M","2.69%"
"Jun 24, 2019","4.83","5.03","5.06","4.81","27.51M","-0.82%"
"Jun 21, 2019","4.87","4.82","4.87","4.73","14.26M","0.62%"
"Jun 20, 2019","4.84","4.97","5.01","4.82","32.37M","-0.62%"
"Jun 19, 2019","4.87","4.86","4.94","4.76","22.74M","-0.81%"
"Jun 18, 2019","4.91","4.75","4.91","4.72","33.95M","3.37%"
"Jun 17, 2019","4.75","4.58","4.78","4.56","41.60M","3.26%"
"Jun 14, 2019","4.60","4.60","4.63","4.53","21.50M","0.66%"
"Jun 13, 2019","4.57","4.67","4.75","4.55","26.58M","-2.77%"
"Jun 12, 2019","4.70","4.66","4.75","4.62","21.00M","0.64%"
"Jun 11, 2019","4.67","4.75","4.78","4.59","24.03M","-1.27%"
"Jun 10, 2019","4.73","4.75","4.75","4.63","23.44M","-0.21%"
"Jun 07, 2019","4.74","4.65","4.80","4.59","18.83M","2.60%"
"Jun 03, 2019","4.62","4.66","4.68","4.55","9.76M","-0.43%"
"May 31, 2019","4.64","4.48","4.64","4.41","25.07M","2.88%"
"May 30, 2019","4.51","4.31","4.53","4.31","39.48M","5.87%"
"May 29, 2019","4.26","4.31","4.31","4.21","19.70M","-0.93%"
"May 28, 2019","4.30","4.18","4.32","4.16","33.31M","3.61%"
"May 27, 2019","4.15","4.20","4.25","4.13","19.50M","-0.48%"
"May 24, 2019","4.17","4.12","4.21","4.11","22.15M","1.96%"
"May 23, 2019","4.09","3.91","4.09","3.91","22.58M","3.28%"
"May 22, 2019","3.96","4.06","4.11","3.95","16.18M","-2.70%"
"May 21, 2019","4.07","4.20","4.26","4.03","27.41M","-2.63%"
"May 20, 2019","4.18","4.21","4.23","4.16","18.52M","-0.24%"
"May 17, 2019","4.19","4.28","4.30","4.17","27.38M","-3.68%"
"May 16, 2019","4.35","4.37","4.52","4.32","45.97M","-0.23%"
"May 15, 2019","4.36","4.41","4.45","4.21","38.28M","-1.58%"
"May 14, 2019","4.43","4.18","4.44","4.17","32.29M","6.75%"
"May 13, 2019","4.15","4.33","4.34","4.13","25.78M","-3.94%"
"May 10, 2019","4.32","4.30","4.37","4.25","20.55M","1.65%"
"May 09, 2019","4.25","4.32","4.43","4.23","31.72M","-1.39%"
"May 08, 2019","4.31","4.15","4.38","4.13","55.11M","6.42%"
"May 07, 2019","4.05","3.90","4.05","3.86","18.96M","0.00%"
"May 06, 2019","4.05","4.12","4.12","3.91","21.93M","-2.41%"
"May 03, 2019","4.15","4.23","4.24","4.09","17.54M","-1.89%"
"May 02, 2019","4.23","4.27","4.33","4.22","19.48M","-0.70%"
"Apr 30, 2019","4.26","4.20","4.30","4.19","17.71M","1.91%"
"Apr 29, 2019","4.18","4.26","4.26","4.15","14.09M","-1.42%"
"Apr 26, 2019","4.24","4.21","4.29","4.19","16.05M","1.19%"
"Apr 25, 2019","4.19","4.41","4.44","4.18","22.14M","-4.99%"
"Apr 24, 2019","4.41","4.40","4.43","4.38","11.77M","0.23%"
"Apr 22, 2019","4.40","4.39","4.45","4.39","4.80M","-1.12%"
"Apr 19, 2019","4.45","4.47","4.51","4.44","7.28M","0.23%"
"Apr 18, 2019","4.44","4.55","4.57","4.44","26.35M","-3.48%"
"Apr 17, 2019","4.60","4.44","4.63","4.42","43.49M","4.31%"
"Apr 16, 2019","4.41","4.40","4.46","4.37","16.10M","0.46%"
"Apr 15, 2019","4.39","4.39","4.46","4.37","10.45M","0.23%"
"Apr 12, 2019","4.38","4.41","4.43","4.32","18.81M","-1.13%"
"Apr 11, 2019","4.43","4.43","4.49","4.39","23.98M","0.45%"
"Apr 10, 2019","4.41","4.45","4.46","4.38","21.94M","-0.45%"
"Apr 09, 2019","4.43","4.41","4.45","4.35","29.90M","2.07%"
"Apr 08, 2019","4.34","4.50","4.51","4.33","22.46M","-3.56%"
"Apr 05, 2019","4.50","4.63","4.64","4.47","37.10M","-2.39%"
"Apr 04, 2019","4.61","4.43","4.62","4.40","30.11M","4.06%"
"Apr 03, 2019","4.43","4.48","4.49","4.40","19.86M","-0.23%"
"Apr 02, 2019","4.44","4.45","4.57","4.39","34.32M","-1.11%"
"Apr 01, 2019","4.49","4.37","4.52","4.24","28.70M","3.22%"
"Mar 29, 2019","4.35","4.31","4.44","4.21","28.85M","0.93%"
"Mar 28, 2019","4.31","4.27","4.41","4.15","46.14M","0.47%"
"Mar 27, 2019","4.29","4.62","4.66","4.21","47.25M","-6.13%"
"Mar 26, 2019","4.57","4.63","4.69","4.46","62.74M","0.22%"
"Mar 25, 2019","4.56","4.85","4.90","4.56","44.98M","-4.80%"
"Mar 22, 2019","4.79","5.29","5.30","4.79","37.57M","-9.11%"
"Mar 21, 2019","5.27","5.44","5.48","5.22","30.02M","-2.41%"
"Mar 20, 2019","5.40","5.43","5.50","5.39","24.86M","-1.10%"
"Mar 19, 2019","5.46","5.37","5.50","5.35","27.58M","1.87%"
"Mar 18, 2019","5.36","5.35","5.45","5.34","25.04M","0.75%"
"Mar 15, 2019","5.32","5.24","5.40","5.23","37.67M","2.11%"
"Mar 14, 2019","5.21","5.24","5.27","5.17","15.95M","-0.76%"
"Mar 13, 2019","5.25","5.26","5.31","5.21","30.30M","-0.19%"
"Mar 12, 2019","5.26","5.17","5.27","5.11","22.61M","2.53%"
"Mar 11, 2019","5.13","5.22","5.23","5.12","13.92M","-1.54%"
"Mar 08, 2019","5.21","5.05","5.22","4.99","38.79M","3.37%"
"Mar 07, 2019","5.04","5.14","5.22","4.97","33.28M","-1.95%"
"Mar 06, 2019","5.14","5.26","5.29","5.06","33.84M","-1.72%"
"Mar 05, 2019","5.23","5.27","5.35","5.19","33.31M","-0.95%"
"Mar 04, 2019","5.28","5.23","5.30","5.14","27.71M","1.54%"
"Mar 01, 2019","5.20","5.45","5.45","5.12","33.54M","-4.24%"
"Feb 28, 2019","5.43","5.31","5.48","5.31","42.92M","2.45%"
"Feb 27, 2019","5.30","5.31","5.37","5.25","32.13M","0.00%"
"Feb 26, 2019","5.30","5.29","5.35","5.26","28.57M","0.19%"
"Feb 25, 2019","5.29","5.24","5.39","5.21","43.00M","1.73%"
"Feb 22, 2019","5.20","5.26","5.29","5.17","27.94M","-0.57%"
"Feb 21, 2019","5.23","5.46","5.47","5.17","50.53M","-4.21%"
"Feb 20, 2019","5.46","5.23","5.48","5.08","68.21M","5.00%"
"Feb 19, 2019","5.20","5.30","5.43","5.13","54.82M","-1.52%"
"Feb 18, 2019","5.28","5.30","5.43","5.28","35.72M","0.00%"
"Feb 15, 2019","5.28","5.44","5.46","5.19","33.30M","-2.58%"
"Feb 14, 2019","5.42","5.32","5.48","5.27","42.66M","1.88%"
"Feb 13, 2019","5.32","5.48","5.53","5.30","41.43M","-2.21%"
"Feb 12, 2019","5.44","5.39","5.53","5.34","67.87M","1.12%"
"Feb 11, 2019","5.38","5.15","5.40","5.12","65.33M","5.49%"
"Feb 08, 2019","5.10","5.01","5.14","5.01","36.98M","1.80%"
"Feb 07, 2019","5.01","4.89","5.10","4.85","56.67M","2.66%"
"Feb 06, 2019","4.88","5.11","5.12","4.86","39.61M","-3.94%"
"Feb 05, 2019","5.08","5.20","5.23","5.07","42.07M","-1.55%"
"Feb 04, 2019","5.16","5.00","5.20","4.93","82.87M","3.61%"
"Feb 01, 2019","4.98","5.01","5.20","4.92","71.27M","-1.19%"
"Jan 31, 2019","5.04","4.96","5.04","4.86","79.95M","2.23%"
"Jan 30, 2019","4.93","4.78","4.93","4.72","89.42M","3.57%"
"Jan 29, 2019","4.76","4.47","4.77","4.46","86.34M","7.21%"
"Jan 28, 2019","4.44","4.51","4.65","4.43","66.25M","-1.33%"
"Jan 25, 2019","4.50","4.62","4.74","4.50","63.61M","-2.17%"
"Jan 24, 2019","4.60","4.30","4.61","4.28","108.97M","7.23%"
"Jan 23, 2019","4.29","4.24","4.32","4.19","64.07M","1.66%"
"Jan 22, 2019","4.22","4.10","4.22","4.08","62.17M","2.93%"
"Jan 21, 2019","4.10","4.07","4.19","4.05","61.11M","1.23%"
"Jan 18, 2019","4.05","4.07","4.11","4.04","45.34M","0.00%"
"Jan 17, 2019","4.05","3.96","4.10","3.93","62.58M","2.27%"
"Jan 16, 2019","3.96","3.76","3.97","3.73","73.96M","5.88%"
"Jan 15, 2019","3.74","3.75","3.77","3.72","20.51M","0.27%"
"Jan 14, 2019","3.73","3.69","3.74","3.65","20.15M","0.00%"
"Jan 11, 2019","3.73","3.73","3.76","3.70","21.36M","0.27%"
"Jan 10, 2019","3.72","3.72","3.77","3.69","33.91M","0.27%"
"Jan 09, 2019","3.71","3.73","3.75","3.66","26.76M","0.00%"
"Jan 08, 2019","3.71","3.74","3.75","3.63","32.33M","-0.27%"
"Jan 07, 2019","3.72","3.72","3.79","3.70","31.10M","1.09%"
"Jan 04, 2019","3.68","3.57","3.71","3.55","30.64M","4.25%"
"Jan 03, 2019","3.53","3.74","3.78","3.51","47.19M","-6.37%"
"Jan 02, 2019","3.77","3.89","3.94","3.76","26.10M","-3.33%"
"Dec 31, 2018","3.90","3.88","3.90","3.85","6.29M","0.52%"
"Dec 28, 2018","3.88","3.96","3.96","3.86","11.37M","-1.27%"
"Dec 27, 2018","3.93","4.01","4.02","3.93","14.59M","-1.26%"
"Dec 26, 2018","3.98","3.96","4.00","3.94","10.10M","1.02%"
"Dec 25, 2018","3.94","3.98","4.01","3.90","12.71M","-1.99%"
"Dec 24, 2018","4.02","3.98","4.08","3.98","41.45M","1.52%"
"Dec 21, 2018","3.96","3.94","3.98","3.89","22.89M","0.51%"
"Dec 20, 2018","3.94","3.87","4.01","3.86","46.03M","0.77%"
"Dec 19, 2018","3.91","3.83","3.94","3.81","30.18M","2.62%"
"Dec 18, 2018","3.81","3.64","3.83","3.63","32.79M","4.10%"
"Dec 17, 2018","3.66","3.72","3.74","3.66","15.16M","-1.35%"
"Dec 14, 2018","3.71","3.83","3.84","3.67","22.94M","-4.13%"
"Dec 13, 2018","3.87","3.82","3.88","3.77","21.84M","1.84%"
"Dec 12, 2018","3.80","3.95","3.99","3.73","45.76M","-3.55%"
"Dec 11, 2018","3.94","3.91","3.97","3.88","35.12M","0.77%"
"Dec 10, 2018","3.91","3.84","3.93","3.83","28.94M","1.30%"
"Dec 07, 2018","3.86","3.83","3.88","3.79","19.48M","1.58%"
"Dec 06, 2018","3.80","3.84","3.89","3.75","31.07M","-1.81%"
"Dec 05, 2018","3.87","3.78","3.89","3.76","37.33M","1.57%"
"Dec 04, 2018","3.81","4.03","4.06","3.76","68.60M","-5.46%"
"Dec 03, 2018","4.03","3.95","4.04","3.92","69.63M","3.07%"
"Nov 30, 2018","3.91","3.93","3.94","3.87","20.52M","-0.51%"
"Nov 29, 2018","3.93","3.90","3.98","3.89","58.96M","1.81%"
"Nov 28, 2018","3.86","3.88","3.93","3.84","52.79M","-0.77%"
"Nov 27, 2018","3.89","3.83","3.93","3.80","72.13M","1.83%"
"Nov 26, 2018","3.82","3.76","3.83","3.76","51.76M","2.41%"
"Nov 23, 2018","3.73","3.73","3.78","3.69","44.89M","0.00%"
"Nov 22, 2018","3.73","3.75","3.78","3.69","34.53M","0.00%"
"Nov 21, 2018","3.73","3.70","3.74","3.67","23.62M","1.36%"
"Nov 20, 2018","3.68","3.81","3.86","3.68","42.25M","-3.66%"
"Nov 19, 2018","3.82","3.76","3.82","3.73","25.54M","1.60%"
"Nov 16, 2018","3.76","3.88","3.89","3.74","40.08M","-2.34%"
"Nov 15, 2018","3.85","3.83","3.96","3.82","78.67M","0.52%"
"Nov 14, 2018","3.83","3.69","3.83","3.69","80.22M","3.51%"
"Nov 13, 2018","3.70","3.72","3.73","3.62","46.61M","-0.27%"
"Nov 12, 2018","3.71","3.71","3.76","3.69","46.14M","-0.80%"
"Nov 09, 2018","3.74","3.82","3.88","3.71","69.03M","-2.86%"
"Nov 08, 2018","3.85","3.83","3.89","3.72","126.24M","0.52%"
"Nov 07, 2018","3.83","3.61","3.84","3.59","148.99M","7.28%"
"Nov 06, 2018","3.57","3.61","3.73","3.53","103.79M","-0.56%"
"Nov 05, 2018","3.59","3.44","3.59","3.41","63.99M","4.06%"
"Nov 02, 2018","3.45","3.39","3.46","3.30","56.42M","1.77%"
"Nov 01, 2018","3.39","3.22","3.39","3.19","43.91M","5.94%"
"Oct 31, 2018","3.20","3.28","3.29","3.17","27.31M","-1.23%"
"Oct 30, 2018","3.24","3.33","3.35","3.17","39.14M","-1.52%"
"Oct 26, 2018","3.29","3.30","3.43","3.28","68.08M","0.00%"
"Oct 25, 2018","3.29","3.30","3.31","3.25","30.72M","-0.30%"
"Oct 24, 2018","3.30","3.27","3.48","3.27","58.99M","1.54%"
"Oct 23, 2018","3.25","3.38","3.41","3.25","52.38M","-4.69%"
"Oct 22, 2018","3.41","3.51","3.52","3.41","40.49M","-2.01%"
"Oct 19, 2018","3.48","3.54","3.56","3.48","35.30M","-1.42%"
"Oct 18, 2018","3.53","3.66","3.67","3.52","56.70M","-3.55%"
"Oct 17, 2018","3.66","3.72","3.72","3.61","57.61M","-0.27%"
"Oct 16, 2018","3.67","3.68","3.74","3.62","88.31M","0.00%"
"Oct 15, 2018","3.67","3.52","3.68","3.52","104.96M","5.16%"
"Oct 12, 2018","3.49","3.52","3.56","3.38","84.41M","0.00%"
"Oct 11, 2018","3.49","3.44","3.51","3.43","57.48M","0.58%"
"Oct 10, 2018","3.47","3.68","3.68","3.47","84.20M","-4.93%"
"Oct 09, 2018","3.65","3.57","3.65","3.55","119.96M","2.53%"
"Oct 08, 2018","3.56","3.49","3.58","3.48","97.24M","0.85%"
"Oct 05, 2018","3.53","3.47","3.54","3.37","116.96M","2.02%"
"Oct 04, 2018","3.46","3.72","3.75","3.45","119.83M","-6.74%"
"Oct 03, 2018","3.71","3.69","3.78","3.65","138.78M","0.82%"
"Oct 02, 2018","3.68","3.79","3.84","3.66","152.12M","-2.90%"
"Oct 01, 2018","3.79","3.65","3.87","3.64","322.67M","4.12%"
"Sep 28, 2018","3.64","3.70","3.72","3.63","107.66M","-1.36%"
"Sep 27, 2018","3.69","3.71","3.88","3.62","326.02M","-0.27%"
"Sep 26, 2018","3.70","3.67","3.81","3.65","216.10M","1.09%"
"Sep 25, 2018","3.66","3.62","3.92","3.54","215.97M","1.67%"
"Sep 24, 2018","3.60","3.81","3.82","3.54","121.75M","-4.51%"
"Sep 21, 2018","3.77","3.74","3.85","3.72","95.19M","1.89%"
"Sep 20, 2018","3.70","3.67","3.80","3.60","83.29M","1.37%"
"Sep 19, 2018","3.65","3.46","3.69","3.44","57.03M","6.41%"
"Sep 18, 2018","3.43","3.40","3.46","3.36","20.91M","1.18%"
"Sep 17, 2018","3.39","3.48","3.53","3.39","11.69M","-3.14%"
"Sep 14, 2018","3.50","3.65","3.67","3.49","27.62M","-2.23%"
"Sep 13, 2018","3.58","3.43","3.62","3.39","34.70M","4.99%"
"Sep 12, 2018","3.41","3.34","3.49","3.33","21.15M","2.71%"
"Sep 11, 2018","3.32","3.37","3.39","3.32","7.90M","-0.90%"
"Sep 10, 2018","3.35","3.41","3.45","3.35","6.19M","-1.76%"
"Sep 07, 2018","3.41","3.43","3.47","3.34","11.73M","0.00%"
"Sep 06, 2018","3.41","3.50","3.52","3.41","9.70M","-2.01%"
"Sep 05, 2018","3.48","3.60","3.60","3.46","9.98M","-3.33%"
"Sep 04, 2018","3.60","3.70","3.72","3.60","11.19M","-2.70%"
"Sep 03, 2018","3.70","3.64","3.73","3.61","13.24M","1.09%"
"Aug 31, 2018","3.66","3.75","3.77","3.57","11.42M","-2.40%"
"Aug 29, 2018","3.75","3.76","3.88","3.74","22.35M","0.81%"
"Aug 28, 2018","3.72","3.67","3.76","3.66","12.95M","1.36%"
"Aug 27, 2018","3.67","3.69","3.73","3.61","5.22M","0.55%"
"Aug 20, 2018","3.65","3.64","3.72","3.60","3.32M","-0.54%"
"Aug 17, 2018","3.67","3.70","3.73","3.45","16.48M","-0.81%"
"Aug 16, 2018","3.70","4.03","4.04","3.68","13.56M","-4.15%"
"Aug 15, 2018","3.86","4.14","4.17","3.84","9.92M","-5.39%"
"Aug 14, 2018","4.08","4.06","4.11","4.00","8.80M","4.35%"
"Aug 13, 2018","3.91","4.11","4.11","3.88","17.90M","-4.87%"
"Aug 10, 2018","4.11","4.25","4.33","3.85","23.70M","-6.16%"
"Aug 09, 2018","4.38","4.38","4.52","4.34","12.15M","-1.79%"
"Aug 08, 2018","4.46","4.56","4.57","4.44","7.30M","-2.19%"
"Aug 07, 2018","4.56","4.45","4.59","4.34","13.11M","2.47%"
"Aug 06, 2018","4.45","4.56","4.56","4.34","10.67M","-2.63%"
"Aug 03, 2018","4.57","4.55","4.64","4.54","8.02M","0.44%"
"Aug 02, 2018","4.55","4.68","4.72","4.52","8.13M","-5.01%"
"Aug 01, 2018","4.79","4.78","4.92","4.76","8.59M","-0.21%"
"Jul 31, 2018","4.80","4.79","4.82","4.74","6.64M","0.42%"
"Jul 30, 2018","4.78","4.80","4.83","4.73","5.20M","0.00%"
"Jul 27, 2018","4.78","4.87","4.91","4.73","6.76M","-1.85%"
"Jul 26, 2018","4.87","4.97","5.02","4.78","8.75M","-1.42%"
"Jul 25, 2018","4.94","4.72","4.95","4.66","9.89M","4.66%"
"Jul 24, 2018","4.72","5.04","5.06","4.72","7.24M","-5.98%"
"Jul 23, 2018","5.02","5.17","5.23","4.95","14.32M","-1.57%"
"Jul 20, 2018","5.10","4.89","5.17","4.87","11.12M","4.94%"
"Jul 19, 2018","4.86","4.85","4.94","4.82","9.04M","0.83%"
"Jul 18, 2018","4.82","4.71","4.85","4.70","10.10M","2.34%"
"Jul 17, 2018","4.71","4.65","4.73","4.61","5.47M","1.29%"
"Jul 16, 2018","4.65","4.73","4.77","4.60","4.85M","-0.21%"
"Jul 13, 2018","4.66","4.73","4.74","4.60","4.87M","-1.06%"
"Jul 12, 2018","4.71","4.69","4.85","4.54","15.24M","0.86%"
"Jul 11, 2018","4.67","5.24","5.24","4.66","16.84M","-11.05%"
"Jul 10, 2018","5.25","5.37","5.48","5.23","13.73M","-4.55%"
"Jul 09, 2018","5.50","5.64","5.84","5.42","21.43M","-1.43%"
"Jul 06, 2018","5.58","5.34","5.80","5.34","35.65M","5.88%"
"Jul 05, 2018","5.27","5.13","5.48","5.10","26.13M","3.13%"
"Jul 04, 2018","5.11","4.94","5.17","4.90","12.22M","3.86%"
"Jul 03, 2018","4.92","4.99","5.03","4.91","3.66M","-1.20%"
"Jul 02, 2018","4.98","4.97","5.02","4.92","3.19M","-0.20%"
"Jun 29, 2018","4.99","5.14","5.19","4.99","7.07M","-2.16%"
"Jun 28, 2018","5.10","5.02","5.18","4.98","6.23M","1.59%"
"Jun 27, 2018","5.02","4.93","5.04","4.92","3.99M","1.83%"
"Jun 26, 2018","4.93","4.61","5.01","4.61","3.48M","0.61%"
"Jun 25, 2018","4.90","5.12","5.15","4.85","5.86M","-1.21%"
"Jun 22, 2018","4.96","5.03","5.05","4.95","2.97M","-1.20%"
"Jun 21, 2018","5.02","4.98","5.05","4.97","4.05M","0.80%"
"Jun 20, 2018","4.98","4.89","5.09","4.86","11.74M","1.84%"
"Jun 19, 2018","4.89","4.88","4.98","4.73","9.67M","-0.81%"
"Jun 18, 2018","4.93","5.16","5.16","4.87","5.17M","-4.46%"
"Jun 14, 2018","5.16","5.22","5.22","5.10","2.95M","-0.96%"
"Jun 13, 2018","5.21","5.29","5.36","5.21","2.45M","-1.51%"
"Jun 12, 2018","5.29","5.27","5.39","5.27","3.94M","-0.56%"
"Jun 11, 2018","5.32","5.39","5.40","5.26","6.29M","-0.93%"
"Jun 08, 2018","5.37","5.30","5.41","5.18","6.47M","1.13%"
"Jun 07, 2018","5.31","5.32","5.37","5.15","9.00M","-0.38%"
"Jun 06, 2018","5.33","5.33","5.63","5.16","10.92M","0.76%"
"Jun 05, 2018","5.29","5.52","5.62","5.27","7.56M","-2.76%"
"Jun 04, 2018","5.44","5.65","5.73","5.44","4.82M","-2.86%"
"Jun 01, 2018","5.60","5.98","6.22","5.58","19.51M","-5.56%"
"May 31, 2018","5.93","5.97","6.33","5.79","67.57M","0.51%"
"May 30, 2018","5.90","6.43","6.43","5.90","23.38M","-8.24%"
"May 29, 2018","6.43","6.55","6.55","6.38","3.70M","-1.38%"
"May 28, 2018","6.52","6.63","6.65","6.49","2.13M","0.00%"
"May 25, 2018","6.52","6.42","6.58","6.34","5.10M","2.84%"
"May 24, 2018","6.34","6.16","6.46","6.15","6.69M","3.59%"
"May 23, 2018","6.12","6.19","6.24","5.95","8.53M","-1.13%"
"May 22, 2018","6.19","5.76","6.31","5.68","23.60M","8.03%"
"May 21, 2018","5.73","5.66","6.03","5.60","6.86M","0.53%"
"May 18, 2018","5.70","5.60","5.74","5.54","4.99M","1.97%"
"May 17, 2018","5.59","5.44","5.67","5.44","3.93M","-0.53%"
"May 16, 2018","5.62","5.63","5.77","5.51","5.27M","-0.18%"
"May 15, 2018","5.63","5.75","5.75","5.59","9.56M","-4.90%"
"May 14, 2018","5.92","5.74","5.97","5.74","2.53M","2.42%"
"May 11, 2018","5.78","5.82","5.92","5.72","3.19M","-0.52%"
"May 10, 2018","5.81","5.86","5.86","5.67","2.49M","0.69%"
"May 09, 2018","5.77","5.66","5.92","5.51","5.17M","1.58%"
"May 08, 2018","5.68","5.78","5.79","5.65","3.88M","-0.87%"
"May 07, 2018","5.73","5.80","5.87","5.71","2.89M","-1.21%"
"May 04, 2018","5.80","5.95","5.95","5.66","7.62M","-2.52%"
"May 03, 2018","5.95","6.15","6.15","5.87","7.40M","-3.41%"
"May 02, 2018","6.16","6.28","6.28","6.12","5.03M","-1.91%"
"Apr 30, 2018","6.28","6.46","6.46","6.26","5.65M","-2.48%"
"Apr 27, 2018","6.44","6.45","6.47","6.37","4.79M","0.31%"
"Apr 26, 2018","6.42","6.36","6.42","6.20","5.75M","1.10%"
"Apr 25, 2018","6.35","6.40","6.40","6.23","7.13M","-0.47%"
"Apr 24, 2018","6.38","6.36","6.41","6.31","4.94M","0.31%"
"Apr 20, 2018","6.36","6.34","6.37","6.29","6.21M","-0.47%"
"Apr 19, 2018","6.39","6.34","6.43","6.31","4.24M","0.79%"
"Apr 18, 2018","6.34","6.15","6.34","6.09","6.48M","3.26%"
"Apr 17, 2018","6.14","6.14","6.22","6.03","8.90M","0.66%"
"Apr 16, 2018","6.10","6.10","6.15","6.07","2.52M","0.33%"
"Apr 13, 2018","6.08","6.12","6.22","6.06","4.55M","-0.33%"
"Apr 12, 2018","6.10","6.02","6.17","5.99","9.12M","1.33%"
"Apr 11, 2018","6.02","6.09","6.15","5.84","7.62M","-1.31%"
"Apr 10, 2018","6.10","6.30","6.32","6.04","6.69M","-2.87%"
"Apr 09, 2018","6.28","6.57","6.57","6.22","8.10M","-3.38%"
"Apr 06, 2018","6.50","6.61","6.62","6.49","5.02M","-2.26%"
"Apr 05, 2018","6.65","6.67","6.72","6.56","6.34M","-0.15%"
"Apr 04, 2018","6.66","6.67","6.71","6.60","2.26M","0.00%"
"Apr 03, 2018","6.66","6.55","6.69","6.55","4.84M","1.68%"
"Apr 02, 2018","6.55","6.66","6.68","6.55","1.12M","-1.50%"
"Mar 30, 2018","6.65","6.72","6.75","6.65","1.44M","-0.89%"
"Mar 29, 2018","6.71","6.71","6.80","6.69","3.99M","0.15%"
"Mar 28, 2018","6.70","6.85","6.92","6.68","6.25M","-2.19%"
"Mar 27, 2018","6.85","6.90","6.90","6.85","3.61M","0.29%"
"Mar 26, 2018","6.83","6.75","6.88","6.74","3.92M","1.64%"
"Mar 23, 2018","6.72","6.76","6.76","6.64","5.36M","-0.88%"
"Mar 22, 2018","6.78","6.91","6.93","6.76","6.49M","-1.60%"
"Mar 21, 2018","6.89","6.89","6.95","6.82","2.84M","0.58%"
"Mar 20, 2018","6.85","7.00","7.03","6.82","3.83M","-1.58%"
"Mar 19, 2018","6.96","6.96","7.00","6.87","3.47M","0.14%"
"Mar 16, 2018","6.95","6.93","7.05","6.84","7.92M","0.72%"
"Mar 15, 2018","6.90","6.95","7.03","6.86","4.78M","-0.29%"
"Mar 14, 2018","6.92","7.14","7.15","6.91","4.93M","-2.40%"
"Mar 13, 2018","7.09","6.92","7.12","6.83","8.95M","2.46%"
"Mar 12, 2018","6.92","6.89","6.96","6.88","3.69M","1.02%"
"Mar 09, 2018","6.85","6.83","6.93","6.79","4.73M","0.44%"
"Mar 08, 2018","6.82","6.89","6.92","6.76","5.57M","-0.15%"
"Mar 07, 2018","6.83","6.85","6.90","6.79","5.13M","-0.29%"
"Mar 06, 2018","6.85","6.78","6.97","6.78","10.72M","1.63%"
"Mar 05, 2018","6.74","6.72","6.82","6.68","11.79M","0.60%"
"Mar 02, 2018","6.70","6.58","6.73","6.55","7.30M","1.82%"
"Mar 01, 2018","6.58","6.54","6.74","6.52","11.29M","0.61%"
"Feb 28, 2018","6.54","6.49","6.60","6.44","5.51M","0.62%"
"Feb 27, 2018","6.50","6.63","6.67","6.47","6.24M","-1.81%"
"Feb 26, 2018","6.62","6.51","6.65","6.44","7.70M","2.48%"
"Feb 23, 2018","6.46","6.32","6.48","6.31","6.10M","2.87%"
"Feb 22, 2018","6.28","6.23","6.34","6.23","7.09M","0.32%"
"Feb 21, 2018","6.26","6.17","6.26","6.17","3.88M","1.46%"
"Feb 20, 2018","6.17","6.20","6.29","6.13","4.45M","-0.32%"
"Feb 19, 2018","6.19","6.20","6.23","6.13","3.89M","0.49%"
"Feb 16, 2018","6.16","6.19","6.25","6.16","5.53M","0.00%"
"Feb 15, 2018","6.16","6.01","6.17","6.00","5.50M","3.01%"
"Feb 14, 2018","5.98","6.09","6.12","5.94","6.25M","-1.16%"
"Feb 13, 2018","6.05","6.20","6.23","6.02","5.04M","-2.26%"
"Feb 12, 2018","6.19","6.24","6.27","6.15","5.89M","-0.48%"
"Feb 09, 2018","6.22","6.37","6.44","6.10","10.47M","-4.01%"
"Feb 08, 2018","6.48","6.45","6.55","6.28","8.19M","1.41%"
"Feb 07, 2018","6.39","6.60","6.60","6.34","26.72M","3.57%"
"Feb 06, 2018","6.17","6.10","6.22","6.00","4.39M","-2.37%"
"Feb 05, 2018","6.32","6.28","6.35","6.22","3.33M","0.64%"
"Feb 02, 2018","6.28","6.32","6.36","6.23","3.10M","-0.63%"
"Feb 01, 2018","6.32","6.32","6.45","6.29","3.60M","-0.32%"
"Jan 31, 2018","6.34","6.44","6.47","6.32","3.05M","-1.40%"
"Jan 30, 2018","6.43","6.43","6.57","6.39","4.80M","-1.08%"
"Jan 29, 2018","6.50","6.55","6.56","6.33","4.56M","0.31%"
"Jan 26, 2018","6.48","6.60","6.66","6.46","3.62M","-1.22%"
"Jan 25, 2018","6.56","6.78","6.78","6.55","5.93M","-3.39%"
"Jan 24, 2018","6.79","6.78","6.98","6.70","17.14M","0.44%"
"Jan 23, 2018","6.76","6.43","6.82","6.41","14.81M","6.96%"
"Jan 22, 2018","6.32","6.21","6.35","6.16","4.81M","1.77%"
"Jan 19, 2018","6.21","6.39","6.39","6.18","3.49M","-2.97%"
"Jan 18, 2018","6.40","6.40","6.44","6.27","5.10M","0.63%"
"Jan 17, 2018","6.36","6.22","6.36","6.16","4.29M","2.25%"
"Jan 16, 2018","6.22","6.02","6.22","6.02","2.79M","2.47%"
"Jan 15, 2018","6.07","6.18","6.27","6.05","4.42M","-1.62%"
"Jan 12, 2018","6.17","6.18","6.26","6.17","5.01M","0.16%"
"Jan 11, 2018","6.16","6.26","6.28","6.12","4.17M","-0.96%"
"Jan 10, 2018","6.22","6.29","6.31","6.15","3.67M","-1.58%"
"Jan 09, 2018","6.32","6.46","6.50","6.30","4.16M","-2.32%"
"Jan 08, 2018","6.47","6.41","6.55","6.41","4.23M","1.25%"
"Jan 05, 2018","6.39","6.35","6.42","6.32","3.48M","0.63%"
"Jan 04, 2018","6.35","6.31","6.37","6.27","2.84M","0.63%"
"Jan 03, 2018","6.31","6.43","6.48","6.29","3.60M","-1.41%"
"Jan 02, 2018","6.40","6.18","6.44","6.15","6.37M","-0.62%"
"Dec 29, 2017","6.44","6.44","6.51","6.42","5.13M","0.16%"
"Dec 28, 2017","6.43","6.30","6.44","6.30","6.84M","2.23%"
"Dec 27, 2017","6.29","6.31","6.32","6.25","2.36M","-0.32%"
"Dec 26, 2017","6.31","6.34","6.37","6.30","1.72M","-0.32%"
"Dec 25, 2017","6.33","6.35","6.36","6.30","1.48M","0.32%"
"Dec 22, 2017","6.31","6.34","6.37","6.30","3.17M","-0.16%"
"Dec 21, 2017","6.32","6.36","6.42","6.29","8.06M","0.00%"
"Dec 20, 2017","6.32","6.39","6.48","6.31","9.24M","-1.10%"
"Dec 19, 2017","6.39","6.29","6.46","6.26","14.29M","2.08%"
"Dec 18, 2017","6.26","6.38","6.40","6.26","9.97M","-0.95%"
"Dec 15, 2017","6.32","6.19","6.40","6.15","17.07M","2.43%"
"Dec 14, 2017","6.17","6.13","6.32","6.12","24.31M","0.82%"
"Dec 13, 2017","6.12","6.20","6.20","6.07","5.10M","-0.81%"
"Dec 12, 2017","6.17","6.23","6.26","6.13","7.25M","-0.96%"
"Dec 11, 2017","6.23","6.17","6.30","6.13","9.97M","1.80%"
"Dec 08, 2017","6.12","6.17","6.20","6.01","8.08M","-0.33%"
"Dec 07, 2017","6.14","6.00","6.23","5.98","17.90M","3.37%"
"Dec 06, 2017","5.94","5.81","6.08","5.78","12.09M","2.24%"
"Dec 05, 2017","5.81","5.68","5.81","5.67","5.97M","3.20%"
"Dec 04, 2017","5.63","5.80","5.84","5.60","4.30M","-2.26%"
"Dec 01, 2017","5.76","5.69","5.87","5.60","6.41M","1.23%"
"Nov 30, 2017","5.69","5.32","5.69","5.32","8.89M","7.36%"
"Nov 29, 2017","5.30","5.35","5.37","5.24","4.70M","-0.56%"
"Nov 28, 2017","5.33","5.62","5.65","5.33","5.37M","-5.50%"
"Nov 27, 2017","5.64","5.57","5.65","5.48","2.70M","1.62%"
"Nov 24, 2017","5.55","5.65","5.68","5.55","3.94M","-2.29%"
"Nov 23, 2017","5.68","5.72","5.79","5.63","4.53M","0.18%"
"Nov 22, 2017","5.67","5.70","5.71","5.49","4.40M","0.00%"
"Nov 21, 2017","5.67","5.63","5.80","5.61","5.22M","-0.18%"
"Nov 20, 2017","5.68","5.78","5.81","5.62","1.57M","-1.56%"
"Nov 17, 2017","5.77","5.88","5.92","5.70","2.18M","-1.20%"
"Nov 16, 2017","5.84","5.78","5.97","5.77","3.69M","1.39%"
"Nov 15, 2017","5.76","5.97","5.99","5.76","3.13M","-3.52%"
"Nov 14, 2017","5.97","5.94","6.04","5.86","2.78M","0.67%"
"Nov 13, 2017","5.93","6.02","6.03","5.90","2.51M","-0.67%"
"Nov 10, 2017","5.97","6.18","6.19","5.95","5.30M","-2.93%"
"Nov 09, 2017","6.15","6.30","6.32","6.13","3.86M","-2.23%"
"Nov 08, 2017","6.29","6.39","6.49","6.25","6.56M","-1.26%"
"Nov 07, 2017","6.37","6.40","6.55","6.33","7.63M","-0.47%"
"Nov 06, 2017","6.40","6.39","6.44","6.23","7.13M","1.27%"
"Nov 03, 2017","6.32","6.53","6.55","6.26","5.95M","-2.92%"
"Nov 02, 2017","6.51","6.64","6.75","6.51","7.44M","-0.91%"
"Nov 01, 2017","6.57","6.48","6.62","6.38","10.97M","1.86%"
"Oct 31, 2017","6.45","6.29","6.45","6.27","10.83M","3.20%"
"Oct 30, 2017","6.25","6.31","6.31","6.20","18.14M","-0.48%"
"Oct 27, 2017","6.28","6.36","6.37","6.26","4.47M","-1.57%"
"Oct 26, 2017","6.38","6.38","6.43","6.32","11.32M","0.16%"
"Oct 25, 2017","6.37","6.64","6.66","6.36","14.36M","-4.07%"
"Oct 24, 2017","6.64","6.71","6.72","6.50","3.67M","-1.19%"
"Oct 23, 2017","6.72","6.75","6.76","6.66","1.99M","-0.74%"
"Oct 20, 2017","6.77","6.78","6.80","6.72","2.71M","-0.15%"
"Oct 19, 2017","6.78","6.72","6.85","6.71","2.44M","0.74%"
"Oct 18, 2017","6.73","6.97","6.97","6.66","2.69M","-1.17%"
"Oct 17, 2017","6.81","6.68","6.90","6.67","3.03M","1.95%"
"Oct 16, 2017","6.68","6.84","6.85","6.63","2.58M","-1.91%"
"Oct 13, 2017","6.81","6.88","6.88","6.74","1.60M","-1.16%"
"Oct 12, 2017","6.89","6.74","6.89","6.61","12.35M","4.08%"
"Oct 11, 2017","6.62","6.57","6.70","6.57","1.79M","0.76%"
"Oct 10, 2017","6.57","6.58","6.60","6.48","1.44M","1.55%"
"Oct 09, 2017","6.47","6.66","6.67","6.28","2.93M","-3.72%"
"Oct 06, 2017","6.72","6.88","6.89","6.69","3.40M","-2.04%"
"Oct 05, 2017","6.86","6.58","6.86","6.58","4.69M","3.94%"
"Oct 04, 2017","6.60","6.61","6.63","6.57","2.06M","-0.45%"
"Oct 03, 2017","6.63","6.65","6.65","6.55","1.69M","-0.45%"
"Oct 02, 2017","6.66","6.76","6.79","6.64","2.89M","-1.91%"
"Sep 29, 2017","6.79","6.66","6.84","6.52","3.79M","1.95%"
"Sep 28, 2017","6.66","6.38","6.72","6.36","5.65M","3.74%"
"Sep 27, 2017","6.42","6.45","6.47","6.34","2.08M","-1.08%"
"Sep 26, 2017","6.49","6.42","6.53","6.32","4.50M","1.25%"
"Sep 25, 2017","6.41","6.58","6.58","6.31","3.22M","-2.44%"
"Sep 22, 2017","6.57","6.66","6.68","6.55","1.20M","-0.76%"
"Sep 21, 2017","6.62","6.67","6.68","6.54","1.69M","0.15%"
"Sep 20, 2017","6.61","6.58","6.68","6.49","2.20M","0.46%"
"Sep 19, 2017","6.58","6.63","6.65","6.51","2.34M","-0.90%"
"Sep 18, 2017","6.64","6.56","6.64","6.56","2.74M","1.22%"
"Sep 15, 2017","6.56","6.79","6.80","6.56","7.28M","-3.24%"
"Sep 14, 2017","6.78","6.92","6.95","6.78","3.92M","-2.02%"
"Sep 13, 2017","6.92","6.96","7.00","6.92","1.75M","-0.86%"
"Sep 12, 2017","6.98","7.02","7.04","6.94","2.99M","-0.71%"
"Sep 11, 2017","7.03","6.98","7.11","6.97","2.61M","0.72%"
"Sep 08, 2017","6.98","7.14","7.16","6.98","1.46M","-2.38%"
"Sep 07, 2017","7.15","7.15","7.19","7.09","2.52M","0.00%"
"Sep 06, 2017","7.15","7.11","7.20","7.07","1.60M","0.56%"
"Sep 05, 2017","7.11","7.21","7.22","7.06","3.15M","-0.97%"
"Aug 31, 2017","7.18","7.33","7.35","7.18","2.24M","-1.91%"
"Aug 29, 2017","7.32","7.30","7.38","7.24","3.61M","0.27%"
"Aug 28, 2017","7.30","7.08","7.35","7.06","3.27M","3.84%"
"Aug 25, 2017","7.03","7.09","7.10","7.02","2.30M","-0.85%"
"Aug 24, 2017","7.09","7.04","7.12","7.03","2.48M","0.71%"
"Aug 23, 2017","7.04","7.07","7.08","7.02","1.11M","-0.56%"
"Aug 22, 2017","7.08","7.10","7.11","7.01","1.36M","0.14%"
"Aug 21, 2017","7.07","7.01","7.10","6.99","1.45M","0.71%"
"Aug 18, 2017","7.02","7.02","7.03","6.98","2.47M","-0.85%"
"Aug 17, 2017","7.08","7.06","7.10","6.99","3.60M","0.71%"
"Aug 16, 2017","7.03","7.06","7.17","6.81","3.67M","-0.28%"
"Aug 15, 2017","7.05","7.16","7.32","7.00","2.10M","-0.98%"
"Aug 14, 2017","7.12","7.16","7.16","7.06","2.03M","0.85%"
"Aug 11, 2017","7.06","7.11","7.12","7.01","2.20M","-1.67%"
"Aug 10, 2017","7.18","7.18","7.21","7.12","1.48M","0.56%"
"Aug 09, 2017","7.14","7.03","7.17","7.02","2.35M","0.99%"
"Aug 08, 2017","7.07","7.06","7.11","7.01","2.20M","0.14%"
"Aug 07, 2017","7.06","7.04","7.09","6.99","2.72M","0.43%"
"Aug 04, 2017","7.03","7.03","7.09","7.00","2.31M","0.00%"
"Aug 03, 2017","7.03","7.09","7.11","7.02","2.37M","-1.26%"
"Aug 02, 2017","7.12","7.15","7.15","7.02","2.76M","0.14%"
"Aug 01, 2017","7.11","7.30","7.30","7.07","2.05M","-1.93%"
"Jul 31, 2017","7.25","7.27","7.29","7.22","2.42M","-0.28%"
"Jul 28, 2017","7.27","7.29","7.33","7.21","4.39M","0.00%"
"Jul 27, 2017","7.27","7.21","7.28","7.19","5.23M","1.54%"
"Jul 26, 2017","7.16","7.25","7.28","7.11","7.19M","2.14%"
"Jul 25, 2017","7.01","7.06","7.07","6.96","2.32M","0.86%"
"Jul 24, 2017","6.95","6.95","7.10","6.92","1.99M","0.58%"
"Jul 21, 2017","6.91","6.90","6.94","6.81","2.75M","0.14%"
"Jul 20, 2017","6.90","6.75","6.98","6.74","4.88M","2.22%"
"Jul 19, 2017","6.75","6.54","6.80","6.51","5.34M","3.85%"
"Jul 18, 2017","6.50","6.59","6.59","6.49","1.42M","-1.37%"
"Jul 17, 2017","6.59","6.34","6.61","6.33","3.75M","4.11%"
"Jul 14, 2017","6.33","6.36","6.43","6.33","1.92M","-0.16%"
"Jul 13, 2017","6.34","6.24","6.42","6.20","6.27M","2.09%"
"Jul 12, 2017","6.21","6.19","6.24","6.17","3.10M","0.16%"
"Jul 11, 2017","6.20","6.11","6.20","6.08","2.49M","1.47%"
"Jul 10, 2017","6.11","6.11","6.14","6.09","1.23M","0.33%"
"Jul 07, 2017","6.09","6.06","6.14","6.05","1.70M","0.66%"
"Jul 06, 2017","6.05","6.13","6.15","6.03","3.08M","-1.31%"
"Jul 05, 2017","6.13","6.20","6.23","6.12","4.02M","-1.13%"
"Jul 04, 2017","6.20","6.24","6.26","6.19","2.37M","-0.48%"
"Jul 03, 2017","6.23","6.28","6.30","6.21","1.55M","-0.16%"
"Jun 30, 2017","6.24","6.26","6.31","6.23","3.51M","-0.95%"
"Jun 29, 2017","6.30","6.29","6.31","6.24","1.95M","0.32%"
"Jun 28, 2017","6.28","6.24","6.30","6.21","2.25M","-0.16%"
"Jun 23, 2017","6.29","6.28","6.34","6.25","2.97M","0.32%"
"Jun 22, 2017","6.27","6.28","6.29","6.23","1.96M","0.16%"
"Jun 21, 2017","6.26","6.23","6.27","6.20","1.17M","0.64%"
"Jun 20, 2017","6.22","6.27","6.27","6.20","1.40M","-0.32%"
"Jun 19, 2017","6.24","6.18","6.29","6.18","1.94M","0.81%"
"Jun 16, 2017","6.19","6.22","6.25","6.15","2.24M","-0.32%"
"Jun 15, 2017","6.21","6.29","6.30","6.19","2.03M","-1.43%"
"Jun 14, 2017","6.30","6.36","6.39","6.28","3.13M","0.00%"
"Jun 13, 2017","6.30","6.31","6.35","6.28","2.19M","0.00%"
"Jun 12, 2017","6.30","6.31","6.31","6.22","1.75M","0.16%"
"Jun 09, 2017","6.29","6.26","6.31","6.24","2.06M","1.13%"
"Jun 08, 2017","6.22","6.30","6.30","6.19","2.99M","-0.80%"
"Jun 07, 2017","6.27","6.43","6.43","6.21","3.75M","-2.03%"
"Jun 06, 2017","6.40","6.35","6.43","6.28","1.68M","0.79%"
"Jun 05, 2017","6.35","6.40","6.45","6.35","5.28M","-0.47%"
"Jun 02, 2017","6.38","6.50","6.50","6.36","3.50M","-0.31%"
"Jun 01, 2017","6.40","6.48","6.48","6.35","2.64M","-0.78%"
"May 31, 2017","6.45","6.46","6.52","6.42","2.96M","0.31%"
"May 30, 2017","6.43","6.45","6.49","6.37","2.45M","-0.16%"
"May 29, 2017","6.44","6.51","6.53","6.44","863.01K","-0.92%"
"May 26, 2017","6.50","6.44","6.51","6.38","2.74M","1.25%"
"May 25, 2017","6.42","6.35","6.42","6.31","4.58M","1.26%"
"May 24, 2017","6.34","6.27","6.38","6.26","5.51M","1.12%"
"May 23, 2017","6.27","6.24","6.30","6.22","4.25M","-0.16%"
"May 22, 2017","6.28","6.17","6.28","6.14","3.34M","2.45%"
"May 18, 2017","6.13","6.17","6.17","6.06","3.17M","-0.65%"
"May 17, 2017","6.17","6.21","6.25","6.14","2.82M","-0.96%"
"May 16, 2017","6.23","6.30","6.30","6.22","2.37M","-0.32%"
"May 15, 2017","6.25","6.26","6.28","6.19","1.31M","0.32%"
"May 12, 2017","6.23","6.26","6.27","6.20","1.88M","-0.32%"
"May 11, 2017","6.25","6.29","6.30","6.19","3.23M","-0.64%"
"May 10, 2017","6.29","6.23","6.33","6.23","3.53M","0.96%"
"May 09, 2017","6.23","6.24","6.29","6.18","4.20M","-0.48%"
"May 08, 2017","6.26","6.26","6.30","6.23","2.75M","0.16%"
"May 05, 2017","6.25","6.15","6.25","6.15","2.41M","0.97%"
"May 04, 2017","6.19","6.31","6.32","6.15","5.61M","-1.75%"
"May 03, 2017","6.30","6.20","6.33","6.20","2.81M","1.61%"
"May 02, 2017","6.20","6.39","6.40","6.20","3.93M","-2.82%"
"Apr 28, 2017","6.38","6.34","6.42","6.28","4.59M","0.79%"
"Apr 27, 2017","6.33","6.37","6.38","6.25","3.88M","-0.47%"
"Apr 26, 2017","6.36","6.15","6.43","6.15","10.03M","5.47%"
"Apr 25, 2017","6.03","6.00","6.03","5.96","2.79M","1.01%"
"Apr 24, 2017","5.97","5.99","6.02","5.96","4.44M","0.00%"
"Apr 21, 2017","5.97","5.96","6.00","5.95","4.52M","0.51%"
"Apr 20, 2017","5.94","5.85","5.95","5.84","5.42M","1.54%"
"Apr 19, 2017","5.85","5.89","5.93","5.82","3.21M","-0.68%"
"Apr 18, 2017","5.89","5.82","5.92","5.82","19.18M","1.20%"
"Apr 17, 2017","5.82","5.86","5.89","5.81","1.06M","0.00%"
"Apr 14, 2017","5.82","5.93","5.93","5.82","985.99K","-1.69%"
"Apr 13, 2017","5.92","5.87","5.92","5.86","4.16M","0.68%"
"Apr 12, 2017","5.88","5.90","5.92","5.83","3.92M","-0.34%"
"Apr 11, 2017","5.90","5.90","5.95","5.89","2.90M","0.00%"
"Apr 10, 2017","5.90","5.94","5.94","5.87","4.55M","0.00%"
"Apr 07, 2017","5.90","5.87","5.97","5.85","7.57M","0.17%"
"Apr 06, 2017","5.89","5.91","5.94","5.88","3.36M","-1.17%"
"Apr 05, 2017","5.96","6.01","6.02","5.92","2.40M","-0.50%"
"Apr 04, 2017","5.99","5.95","6.04","5.94","7.67M","0.67%"
"Apr 03, 2017","5.95","5.91","6.04","5.87","12.18M","0.85%"
"Mar 31, 2017","5.90","5.95","5.97","5.89","3.51M","-1.01%"
"Mar 30, 2017","5.96","5.96","5.99","5.89","2.10M","0.34%"
"Mar 29, 2017","5.94","5.94","5.94","5.89","2.34M","0.00%"
"Mar 28, 2017","5.94","5.92","5.98","5.88","8.33M","0.68%"
"Mar 27, 2017","5.90","5.84","5.90","5.81","3.41M","0.85%"
"Mar 24, 2017","5.85","5.85","5.87","5.80","1.62M","0.00%"
"Mar 23, 2017","5.85","5.83","5.85","5.79","2.10M","0.52%"
"Mar 22, 2017","5.82","5.82","5.89","5.79","2.67M","-0.85%"
"Mar 21, 2017","5.87","5.83","5.93","5.81","7.14M","0.86%"
"Mar 20, 2017","5.82","5.82","5.87","5.79","3.83M","-0.17%"
"Mar 17, 2017","5.83","5.83","5.88","5.78","8.08M","1.04%"
"Mar 16, 2017","5.77","5.76","5.82","5.73","4.70M","1.05%"
"Mar 15, 2017","5.71","5.70","5.78","5.68","3.02M","0.53%"
"Mar 14, 2017","5.68","5.71","5.72","5.67","2.77M","-0.35%"
"Mar 13, 2017","5.70","5.70","5.73","5.67","1.56M","-0.35%"
"Mar 10, 2017","5.72","5.73","5.75","5.71","1.99M","-0.17%"
"Mar 09, 2017","5.73","5.71","5.74","5.65","1.24M","0.53%"
"Mar 08, 2017","5.70","5.77","5.78","5.69","1.76M","-1.21%"
"Mar 07, 2017","5.77","5.77","5.78","5.71","2.05M","0.17%"
"Mar 06, 2017","5.76","5.79","5.82","5.76","2.00M","0.17%"
"Mar 03, 2017","5.75","5.78","5.78","5.73","1.63M","-0.69%"
"Mar 02, 2017","5.79","5.81","5.83","5.75","4.66M","-0.17%"
"Mar 01, 2017","5.80","5.76","5.82","5.74","3.13M","0.69%"
"Feb 28, 2017","5.76","5.74","5.78","5.69","3.19M","0.52%"
"Feb 27, 2017","5.73","5.75","5.75","5.69","1.61M","-0.17%"
"Feb 24, 2017","5.74","5.80","5.81","5.69","2.97M","-1.03%"
"Feb 23, 2017","5.80","5.81","5.86","5.78","3.79M","-0.17%"
"Feb 22, 2017","5.81","5.79","5.84","5.78","3.98M","0.69%"
"Feb 21, 2017","5.77","5.85","5.90","5.74","6.85M","-1.20%"
"Feb 20, 2017","5.84","5.82","5.85","5.80","4.04M","0.86%"
"Feb 17, 2017","5.79","5.72","5.79","5.71","4.70M","1.58%"
"Feb 16, 2017","5.70","5.73","5.74","5.67","3.03M","-0.18%"
"Feb 15, 2017","5.71","5.69","5.74","5.67","3.28M","0.35%"
"Feb 14, 2017","5.69","5.67","5.77","5.62","5.37M","0.35%"
"Feb 13, 2017","5.67","5.61","5.68","5.57","4.24M","1.25%"
"Feb 10, 2017","5.60","5.69","5.72","5.58","3.93M","-1.06%"
"Feb 09, 2017","5.66","5.52","5.69","5.47","10.38M","1.98%"
"Feb 08, 2017","5.55","5.56","5.62","5.52","7.23M","-0.36%"
"Feb 07, 2017","5.57","5.56","5.60","5.54","3.00M","-0.18%"
"Feb 06, 2017","5.58","5.55","5.64","5.53","6.79M","1.45%"
"Feb 03, 2017","5.50","5.51","5.53","5.46","14.08M","-0.18%"
"Feb 02, 2017","5.51","5.61","5.66","5.41","10.74M","-1.61%"
"Feb 01, 2017","5.60","5.64","5.65","5.55","3.47M","-0.53%"
"Jan 31, 2017","5.63","5.72","5.75","5.63","3.96M","-1.57%"
"Jan 30, 2017","5.72","5.65","5.74","5.65","4.89M","1.42%"
"Jan 27, 2017","5.64","5.62","5.70","5.61","3.85M","-0.35%"
"Jan 26, 2017","5.66","5.65","5.68","5.61","2.56M","0.53%"
"Jan 25, 2017","5.63","5.76","5.77","5.62","4.86M","-2.26%"
"Jan 24, 2017","5.76","5.62","5.79","5.62","4.68M","2.49%"
"Jan 23, 2017","5.62","5.55","5.62","5.54","3.06M","1.81%"
"Jan 20, 2017","5.52","5.49","5.53","5.48","2.51M","0.18%"
"Jan 19, 2017","5.51","5.56","5.58","5.48","3.55M","-0.72%"
"Jan 18, 2017","5.55","5.50","5.61","5.48","8.15M","0.91%"
"Jan 17, 2017","5.50","5.51","5.54","5.47","5.35M","0.36%"
"Jan 16, 2017","5.48","5.45","5.50","5.36","7.97M","0.92%"
"Jan 13, 2017","5.43","5.40","5.43","5.35","4.58M","0.56%"
"Jan 12, 2017","5.40","5.24","5.41","5.20","9.25M","4.05%"
"Jan 11, 2017","5.19","5.13","5.22","5.10","7.07M","0.58%"
"Jan 10, 2017","5.16","5.23","5.23","5.14","5.96M","-1.53%"
"Jan 09, 2017","5.24","5.21","5.24","5.15","4.87M","0.00%"
"Jan 06, 2017","5.24","5.26","5.27","5.23","2.69M","-0.57%"
"Jan 05, 2017","5.27","5.28","5.30","5.19","3.05M","0.19%"
"Jan 04, 2017","5.26","5.33","5.35","5.22","2.69M","-0.94%"
"Jan 03, 2017","5.31","5.32","5.35","5.27","4.08M","-0.19%"
"Jan 02, 2017","5.32","5.26","5.35","5.24","2.07M","0.76%"
"Dec 30, 2016","5.28","5.36","5.37","5.24","3.78M","-1.49%"
"Dec 29, 2016","5.36","5.19","5.43","5.19","14.28M","3.28%"
"Dec 28, 2016","5.19","5.16","5.21","5.15","2.25M","0.58%"
"Dec 27, 2016","5.16","5.17","5.19","5.16","683.21K","-0.19%"
"Dec 26, 2016","5.17","5.16","5.19","5.15","838.69K","0.58%"
"Dec 23, 2016","5.14","5.17","5.18","5.13","1.78M","-0.58%"
"Dec 22, 2016","5.17","5.22","5.23","5.16","2.38M","-0.77%"
"Dec 21, 2016","5.21","5.27","5.29","5.19","2.81M","-0.95%"
"Dec 20, 2016","5.26","5.26","5.30","5.25","2.66M","-0.38%"
"Dec 19, 2016","5.28","5.30","5.31","5.27","2.34M","-0.38%"
"Dec 16, 2016","5.30","5.32","5.32","5.26","3.62M","0.38%"
"Dec 15, 2016","5.28","5.16","5.28","5.15","4.06M","1.54%"
"Dec 14, 2016","5.20","5.18","5.21","5.14","4.13M","0.58%"
"Dec 13, 2016","5.17","5.28","5.28","5.16","5.22M","-1.34%"
"Dec 12, 2016","5.24","5.17","5.26","5.13","2.43M","0.58%"
"Dec 09, 2016","5.21","5.22","5.23","5.14","4.80M","-0.19%"
"Dec 08, 2016","5.22","5.20","5.23","5.14","3.42M","0.77%"
"Dec 07, 2016","5.18","5.17","5.20","5.11","3.74M","0.19%"
"Dec 06, 2016","5.17","5.15","5.20","5.10","4.94M","1.37%"
"Dec 05, 2016","5.10","5.17","5.23","5.10","3.18M","-1.54%"
"Dec 02, 2016","5.18","5.20","5.21","4.99","6.26M","1.57%"
"Dec 01, 2016","5.10","5.50","5.51","5.05","12.47M","-7.78%"
"Nov 30, 2016","5.53","5.60","5.62","5.48","11.54M","-1.07%"
"Nov 29, 2016","5.59","5.53","5.59","5.48","4.83M","0.54%"
"Nov 28, 2016","5.56","5.55","5.63","5.55","2.38M","0.72%"
"Nov 25, 2016","5.52","5.52","5.58","5.49","2.23M","-0.36%"
"Nov 24, 2016","5.54","5.56","5.72","5.52","3.50M","-1.07%"
"Nov 23, 2016","5.60","5.63","5.64","5.54","5.63M","-0.53%"
"Nov 22, 2016","5.63","5.68","5.70","5.61","2.71M","-1.23%"
"Nov 21, 2016","5.70","5.60","5.76","5.59","4.01M","1.60%"
"Nov 18, 2016","5.61","5.51","5.65","5.50","3.70M","1.08%"
"Nov 17, 2016","5.55","5.60","5.64","5.54","3.57M","-0.36%"
"Nov 16, 2016","5.57","5.63","5.64","5.51","4.71M","-0.89%"
"Nov 15, 2016","5.62","5.45","5.65","5.45","8.43M","4.27%"
"Nov 14, 2016","5.39","5.42","5.48","5.39","3.20M","-0.55%"
"Nov 11, 2016","5.42","5.56","5.58","5.41","10.19M","-2.69%"
"Nov 10, 2016","5.57","5.88","5.90","5.57","7.70M","-3.47%"
"Nov 09, 2016","5.77","5.70","5.78","5.66","4.93M","-1.03%"
"Nov 08, 2016","5.83","5.60","5.85","5.59","6.29M","4.29%"
"Nov 07, 2016","5.59","5.58","5.65","5.58","2.70M","0.72%"
"Nov 04, 2016","5.55","5.61","5.68","5.53","8.03M","-2.46%"
"Nov 03, 2016","5.69","5.62","5.72","5.61","3.52M","1.25%"
"Nov 02, 2016","5.62","5.61","5.65","5.60","2.59M","-0.18%"
"Nov 01, 2016","5.63","5.70","5.79","5.61","4.14M","-1.57%"
"Oct 31, 2016","5.72","5.82","5.84","5.68","5.61M","-1.55%"
"Oct 28, 2016","5.81","5.90","5.91","5.81","2.54M","-1.36%"
"Oct 27, 2016","5.89","5.83","5.96","5.82","6.67M","1.03%"
"Oct 26, 2016","5.83","5.85","5.91","5.81","9.29M","-0.68%"
"Oct 25, 2016","5.87","5.86","5.91","5.82","4.36M","0.17%"
"Oct 24, 2016","5.86","5.86","5.90","5.80","3.74M","0.51%"
"Oct 21, 2016","5.83","5.80","5.85","5.76","10.20M","1.75%"
"Oct 20, 2016","5.73","5.65","5.74","5.65","6.54M","1.42%"
"Oct 19, 2016","5.65","5.65","5.69","5.62","4.64M","0.53%"
"Oct 18, 2016","5.62","5.63","5.67","5.62","6.05M","0.36%"
"Oct 17, 2016","5.60","5.54","5.68","5.52","5.94M","1.27%"
"Oct 14, 2016","5.53","5.57","5.59","5.50","7.85M","-0.54%"
"Oct 13, 2016","5.56","5.64","5.65","5.55","4.61M","-1.59%"
"Oct 12, 2016","5.65","5.63","5.71","5.60","5.63M","0.53%"
"Oct 11, 2016","5.62","5.69","5.69","5.60","5.87M","-0.88%"
"Oct 10, 2016","5.67","5.72","5.74","5.66","2.53M","-0.53%"
"Oct 07, 2016","5.70","5.71","5.75","5.69","4.10M","-0.18%"
"Oct 06, 2016","5.71","5.71","5.76","5.69","4.21M","0.53%"
"Oct 05, 2016","5.68","5.67","5.70","5.64","2.99M","0.00%"
"Oct 04, 2016","5.68","5.67","5.71","5.65","3.97M","0.35%"
"Oct 03, 2016","5.66","5.69","5.72","5.65","2.48M","-0.18%"
"Sep 30, 2016","5.67","5.68","5.73","5.67","3.78M","-0.70%"
"Sep 29, 2016","5.71","5.70","5.76","5.68","6.47M","0.35%"
"Sep 28, 2016","5.69","5.72","5.77","5.68","4.66M","-0.87%"
"Sep 27, 2016","5.74","5.79","5.81","5.68","4.30M","-0.52%"
"Sep 26, 2016","5.77","5.68","5.80","5.64","3.96M","-1.54%"
"Sep 23, 2016","5.86","5.91","5.93","5.86","2.54M","-0.51%"
"Sep 22, 2016","5.89","5.91","5.92","5.86","3.78M","0.86%"
"Sep 21, 2016","5.84","5.80","5.88","5.75","2.48M","0.52%"
"Sep 20, 2016","5.81","5.78","5.81","5.75","1.92M","0.69%"
"Sep 19, 2016","5.77","5.72","5.80","5.70","8.63M","1.23%"
"Sep 16, 2016","5.70","5.76","5.82","5.67","5.91M","-0.87%"
"Sep 09, 2016","5.75","5.84","5.84","5.75","2.02M","-1.54%"
"Sep 08, 2016","5.84","5.93","5.93","5.84","1.69M","-1.02%"
"Sep 07, 2016","5.90","5.90","5.93","5.90","1.72M","-0.34%"
"Sep 06, 2016","5.92","5.94","5.96","5.92","2.40M","-0.17%"
"Sep 05, 2016","5.93","5.99","6.01","5.90","5.28M","-0.50%"
"Sep 02, 2016","5.96","5.88","5.96","5.86","1.85M","1.88%"
"Sep 01, 2016","5.85","5.96","6.01","5.85","2.61M","-2.01%"
"Aug 31, 2016","5.97","5.90","6.04","5.88","7.27M","1.53%"
"Aug 29, 2016","5.88","5.96","6.03","5.86","3.13M","-2.00%"
"Aug 26, 2016","6.00","5.93","6.02","5.93","5.24M","1.01%"
"Aug 25, 2016","5.94","5.94","5.97","5.91","2.91M","0.51%"
"Aug 24, 2016","5.91","5.90","5.91","5.82","2.24M","-1.34%"
"Aug 23, 2016","5.99","6.05","6.05","5.97","2.23M","-0.50%"
"Aug 22, 2016","6.02","6.00","6.04","5.99","916.93K","-0.17%"
"Aug 19, 2016","6.03","6.02","6.04","5.97","1.69M","0.33%"
"Aug 18, 2016","6.01","6.07","6.16","6.00","2.60M","-1.15%"
"Aug 17, 2016","6.08","6.03","6.11","6.01","1.50M","1.00%"
"Aug 16, 2016","6.02","6.08","6.09","6.00","1.34M","-0.66%"
"Aug 15, 2016","6.06","6.15","6.19","6.05","2.32M","-1.14%"
"Aug 12, 2016","6.13","6.12","6.14","6.02","2.15M","0.49%"
"Aug 11, 2016","6.10","6.06","6.13","6.02","3.15M","0.83%"
"Aug 10, 2016","6.05","6.02","6.07","5.96","3.85M","0.83%"
"Aug 09, 2016","6.00","6.04","6.05","5.93","8.99M","-0.66%"
"Aug 08, 2016","6.04","6.17","6.17","5.98","2.70M","0.67%"
"Aug 05, 2016","6.00","6.06","6.10","5.94","2.11M","-0.66%"
"Aug 04, 2016","6.04","5.98","6.07","5.92","3.00M","1.85%"
"Aug 03, 2016","5.93","6.12","6.13","5.93","4.86M","-3.10%"
"Aug 02, 2016","6.12","6.22","6.26","6.12","4.14M","-1.61%"
"Aug 01, 2016","6.22","6.11","6.25","6.09","2.20M","2.98%"
"Jul 29, 2016","6.04","6.15","6.17","6.04","3.28M","-1.95%"
"Jul 28, 2016","6.16","6.12","6.20","6.08","1.55M","0.82%"
"Jul 27, 2016","6.11","5.97","6.14","5.96","4.03M","2.00%"
"Jul 26, 2016","5.99","6.09","6.11","5.94","4.45M","-1.16%"
"Jul 25, 2016","6.06","5.87","6.15","5.86","3.26M","3.59%"
"Jul 22, 2016","5.85","5.83","6.02","5.71","3.36M","0.86%"
"Jul 21, 2016","5.80","6.02","6.04","5.75","5.59M","-3.97%"
"Jul 20, 2016","6.04","6.19","6.35","6.01","4.06M","-2.58%"
"Jul 19, 2016","6.20","6.21","6.45","6.17","2.31M","-1.43%"
"Jul 18, 2016","6.29","6.47","6.55","6.15","4.42M","-4.26%"
"Jul 15, 2016","6.57","6.53","6.63","6.51","1.70M","0.61%"
"Jul 14, 2016","6.53","6.46","6.58","6.41","2.69M","1.71%"
"Jul 13, 2016","6.42","6.44","6.46","6.30","5.49M","-0.31%"
"Jul 12, 2016","6.44","6.37","6.44","6.33","2.37M","1.26%"
"Jul 11, 2016","6.36","6.25","6.40","6.25","2.26M","2.58%"
"Jul 08, 2016","6.20","6.05","6.26","6.04","4.53M","1.64%"
"Jul 04, 2016","6.10","6.11","6.14","6.10","275.80K","-0.16%"
"Jul 01, 2016","6.11","6.05","6.13","6.05","1.89M","0.99%"
"Jun 30, 2016","6.05","6.03","6.09","5.98","3.26M","0.50%"
"Jun 29, 2016","6.02","5.94","6.07","5.92","2.77M","1.18%"
"Jun 28, 2016","5.95","5.87","5.97","5.87","2.27M","2.06%"
"Jun 27, 2016","5.83","5.86","5.92","5.77","4.66M","-0.68%"
"Jun 24, 2016","5.87","5.90","5.90","5.73","3.43M","-2.98%"
"Jun 23, 2016","6.05","5.98","6.05","5.92","1.70M","1.34%"
"Jun 22, 2016","5.97","5.98","6.05","5.95","1.83M","0.17%"
"Jun 21, 2016","5.96","6.06","6.07","5.95","1.87M","-1.49%"
"Jun 20, 2016","6.05","5.94","6.05","5.94","2.37M","3.07%"
"Jun 17, 2016","5.87","5.85","5.91","5.79","2.68M","1.38%"
"Jun 16, 2016","5.79","5.90","5.91","5.76","3.31M","-2.20%"
"Jun 15, 2016","5.92","5.86","5.94","5.84","2.06M","1.72%"
"Jun 14, 2016","5.82","5.94","5.96","5.80","3.95M","-1.85%"
"Jun 13, 2016","5.93","5.92","5.98","5.83","2.46M","-0.84%"
"Jun 10, 2016","5.98","6.04","6.04","5.93","1.80M","-1.16%"
"Jun 09, 2016","6.05","6.08","6.11","6.02","4.76M","-0.49%"
"Jun 08, 2016","6.08","6.07","6.16","5.98","4.51M","0.33%"
"Jun 07, 2016","6.06","6.07","6.18","6.04","6.02M","0.50%"
"Jun 06, 2016","6.03","6.01","6.09","5.98","1.71M","0.50%"
"Jun 03, 2016","6.00","5.81","6.05","5.81","3.19M","3.45%"
"Jun 02, 2016","5.80","5.88","5.93","5.80","2.98M","-0.85%"
"Jun 01, 2016","5.85","6.01","6.02","5.83","3.94M","-2.99%"
"May 31, 2016","6.03","6.00","6.08","5.98","3.75M","1.34%"
"May 30, 2016","5.95","5.93","6.00","5.90","1.41M","0.68%"
"May 27, 2016","5.91","6.02","6.03","5.88","3.38M","-1.83%"
"May 26, 2016","6.02","6.06","6.06","5.96","2.47M","-0.66%"
"May 25, 2016","6.06","5.95","6.09","5.95","3.88M","2.19%"
"May 24, 2016","5.93","5.82","5.98","5.78","4.95M","1.02%"
"May 23, 2016","5.87","5.80","5.92","5.80","1.20M","1.38%"
"May 20, 2016","5.79","5.76","5.84","5.76","3.70M","0.17%"
"May 18, 2016","5.78","5.88","5.89","5.77","3.76M","-1.53%"
"May 17, 2016","5.87","5.94","5.97","5.83","3.21M","-0.17%"
"May 16, 2016","5.88","5.93","5.98","5.83","1.81M","-1.34%"
"May 13, 2016","5.96","5.91","6.02","5.89","2.14M","-0.17%"
"May 12, 2016","5.97","6.02","6.08","5.97","3.07M","-0.33%"
"May 11, 2016","5.99","6.08","6.10","5.96","2.42M","-1.48%"
"May 10, 2016","6.08","5.99","6.10","5.98","6.49M","1.33%"
"May 09, 2016","6.00","5.96","6.02","5.93","2.50M","1.18%"
"May 06, 2016","5.93","5.98","6.01","5.80","4.19M","-0.17%"
"May 05, 2016","5.94","5.94","6.03","5.86","3.63M","-1.66%"
"May 04, 2016","6.04","6.17","6.18","5.94","4.18M","-1.95%"
"May 03, 2016","6.16","6.33","6.36","6.12","4.37M","-2.38%"
"May 02, 2016","6.31","6.50","6.52","6.30","2.41M","-2.92%"
"Apr 29, 2016","6.50","6.43","6.53","6.40","2.13M","0.93%"
"Apr 28, 2016","6.44","6.28","6.44","6.27","3.66M","2.55%"
"Apr 27, 2016","6.28","6.42","6.43","6.28","2.87M","-1.72%"
"Apr 26, 2016","6.39","6.24","6.40","6.24","3.14M","2.40%"
"Apr 25, 2016","6.24","6.33","6.38","6.19","5.37M","-1.89%"
"Apr 22, 2016","6.36","6.36","6.40","6.27","5.52M","0.16%"
"Apr 21, 2016","6.35","6.72","6.72","6.25","8.73M","-5.65%"
"Apr 20, 2016","6.73","6.75","6.77","6.67","5.89M","0.00%"
"Apr 19, 2016","6.73","6.60","6.73","6.60","5.45M","2.44%"
"Apr 18, 2016","6.57","6.54","6.73","6.53","6.29M","0.00%"
"Apr 15, 2016","6.57","6.47","6.57","6.43","3.29M","2.34%"
"Apr 14, 2016","6.42","6.52","6.52","6.38","3.63M","-1.23%"
"Apr 13, 2016","6.50","6.46","6.52","6.43","2.88M","1.25%"
"Apr 12, 2016","6.42","6.41","6.52","6.38","3.55M","0.16%"
"Apr 11, 2016","6.41","6.40","6.46","6.32","3.19M","0.16%"
"Apr 08, 2016","6.40","6.22","6.43","6.22","2.38M","3.23%"
"Apr 07, 2016","6.20","6.37","6.40","6.20","2.21M","-1.90%"
"Apr 06, 2016","6.32","6.40","6.43","6.28","4.68M","-0.94%"
"Apr 05, 2016","6.38","6.50","6.51","6.29","4.10M","-2.00%"
"Apr 04, 2016","6.51","6.47","6.51","6.43","2.06M","1.24%"
"Apr 01, 2016","6.43","6.42","6.47","6.33","4.09M","0.16%"
"Mar 31, 2016","6.42","6.42","6.49","6.39","3.56M","0.00%"
"Mar 30, 2016","6.42","6.36","6.46","6.36","5.42M","1.26%"
"Mar 29, 2016","6.34","6.43","6.46","6.30","6.38M","-1.09%"
"Mar 28, 2016","6.41","6.41","6.47","6.38","802.06K","-0.31%"
"Mar 25, 2016","6.43","6.27","6.43","6.25","1.64M","2.72%"
"Mar 24, 2016","6.26","6.38","6.38","6.22","6.31M","-2.03%"
"Mar 23, 2016","6.39","6.40","6.40","6.27","6.83M","-0.31%"
"Mar 22, 2016","6.41","6.32","6.41","6.24","6.68M","1.58%"
"Mar 21, 2016","6.31","6.22","6.33","6.17","4.46M","1.77%"
"Mar 18, 2016","6.20","6.11","6.26","6.08","5.39M","1.64%"
"Mar 17, 2016","6.10","6.07","6.14","6.05","4.82M","1.33%"
"Mar 16, 2016","6.02","5.99","6.09","5.97","6.06M","1.18%"
"Mar 15, 2016","5.95","5.91","6.03","5.86","7.13M","0.68%"
"Mar 14, 2016","5.91","5.94","5.99","5.85","5.51M","-0.67%"
"Mar 11, 2016","5.95","5.97","6.03","5.94","4.40M","0.17%"
"Mar 10, 2016","5.94","5.77","5.99","5.74","5.68M","2.95%"
"Mar 09, 2016","5.77","5.73","5.78","5.67","3.71M","0.70%"
"Mar 08, 2016","5.73","5.67","5.78","5.64","4.27M","1.06%"
"Mar 07, 2016","5.67","5.62","5.68","5.62","2.88M","1.07%"
"Mar 04, 2016","5.61","5.58","5.61","5.54","3.39M","0.72%"
"Mar 03, 2016","5.57","5.63","5.65","5.55","2.97M","-0.71%"
"Mar 02, 2016","5.61","5.65","5.68","5.61","3.88M","0.00%"
"Mar 01, 2016","5.61","5.55","5.63","5.54","2.53M","1.26%"
"Feb 29, 2016","5.54","5.46","5.68","5.45","4.38M","0.73%"
"Feb 26, 2016","5.50","5.61","5.73","5.45","6.48M","-1.61%"
"Feb 25, 2016","5.59","5.54","5.61","5.52","3.37M","1.82%"
"Feb 24, 2016","5.49","5.51","5.54","5.43","4.56M","0.00%"
"Feb 23, 2016","5.49","5.52","5.58","5.48","4.48M","-0.54%"
"Feb 22, 2016","5.52","5.47","5.64","5.45","3.86M","2.22%"
"Feb 19, 2016","5.40","5.43","5.52","5.36","2.49M","-0.55%"
"Feb 18, 2016","5.43","5.39","5.57","5.38","3.82M","0.56%"
"Feb 17, 2016","5.40","5.28","5.45","5.25","2.91M","2.86%"
"Feb 16, 2016","5.25","5.38","5.38","5.25","2.05M","-0.94%"
"Feb 15, 2016","5.30","5.28","5.34","5.16","3.08M","1.15%"
"Feb 12, 2016","5.24","5.28","5.31","5.20","2.63M","-0.19%"
"Feb 11, 2016","5.25","5.26","5.33","5.16","5.51M","-1.13%"
"Feb 10, 2016","5.31","5.24","5.33","5.21","3.24M","1.72%"
"Feb 09, 2016","5.22","5.24","5.35","5.16","5.72M","-1.32%"
"Feb 08, 2016","5.29","5.49","5.54","5.28","3.45M","-3.64%"
"Feb 05, 2016","5.49","5.47","5.54","5.45","4.28M","0.37%"
"Feb 04, 2016","5.47","5.28","5.48","5.24","9.83M","5.19%"
"Feb 03, 2016","5.20","5.11","5.28","5.10","5.11M","0.97%"
"Feb 02, 2016","5.15","5.26","5.27","5.15","5.43M","-2.09%"
"Feb 01, 2016","5.26","5.19","5.26","5.13","6.05M","1.35%"
"Jan 29, 2016","5.19","5.13","5.19","5.10","10.57M","2.17%"
"Jan 28, 2016","5.08","5.07","5.16","5.05","7.99M","0.79%"
"Jan 27, 2016","5.04","5.00","5.08","4.98","5.93M","1.20%"
"Jan 26, 2016","4.98","4.89","4.99","4.85","4.54M","1.01%"
"Jan 25, 2016","4.93","5.00","5.01","4.88","4.22M","-0.40%"
"Jan 22, 2016","4.95","4.87","4.98","4.86","2.73M","2.70%"
"Jan 21, 2016","4.82","4.80","4.91","4.73","3.44M","0.42%"
"Jan 20, 2016","4.80","4.91","4.93","4.80","5.24M","-3.03%"
"Jan 19, 2016","4.95","5.04","5.05","4.95","3.21M","-0.60%"
"Jan 18, 2016","4.98","5.08","5.09","4.96","3.07M","-1.58%"
"Jan 15, 2016","5.06","5.17","5.17","5.03","3.81M","-1.94%"
"Jan 14, 2016","5.16","5.23","5.25","5.12","3.76M","-2.09%"
"Jan 13, 2016","5.27","5.14","5.33","5.13","3.43M","2.53%"
"Jan 12, 2016","5.14","5.00","5.19","4.95","4.57M","2.80%"
"Jan 11, 2016","5.00","4.95","5.06","4.92","2.09M","0.81%"
"Jan 08, 2016","4.96","5.06","5.09","4.96","3.49M","-1.78%"
"Jan 07, 2016","5.05","5.04","5.07","4.93","5.16M","-0.79%"
"Jan 06, 2016","5.09","5.14","5.16","5.04","5.39M","-1.17%"
"Jan 05, 2016","5.15","5.15","5.19","5.03","2.68M","0.39%"
"Jan 04, 2016","5.13","5.25","5.25","5.11","1.40M","-2.29%"
"Dec 31, 2015","5.25","5.33","5.39","5.14","3.59M","-0.57%"
"Dec 30, 2015","5.28","5.29","5.38","5.27","2.50M","-0.19%"
"Dec 29, 2015","5.29","5.32","5.34","5.26","1.66M","-0.38%"
"Dec 28, 2015","5.31","5.31","5.42","5.29","1.67M","0.00%"
"Dec 25, 2015","5.31","5.28","5.32","5.26","186.56K","0.57%"
"Dec 24, 2015","5.28","5.29","5.32","5.26","765.94K","-0.19%"
"Dec 23, 2015","5.29","5.15","5.31","5.14","2.20M","3.32%"
"Dec 22, 2015","5.12","5.22","5.23","5.12","2.95M","-2.10%"
"Dec 21, 2015","5.23","5.19","5.27","5.18","2.85M","1.16%"
"Dec 18, 2015","5.17","5.29","5.29","5.17","2.75M","-2.82%"
"Dec 17, 2015","5.32","5.27","5.36","5.23","2.38M","2.11%"
"Dec 16, 2015","5.21","5.24","5.29","5.14","3.43M","-0.38%"
"Dec 15, 2015","5.23","5.17","5.26","5.13","1.84M","2.15%"
"Dec 14, 2015","5.12","5.29","5.35","5.11","2.82M","-1.73%"
"Dec 11, 2015","5.21","5.31","5.33","5.19","3.21M","-1.88%"
"Dec 10, 2015","5.31","5.47","5.54","5.27","3.52M","-2.75%"
"Dec 09, 2015","5.46","5.35","5.51","5.33","2.68M","2.63%"
"Dec 08, 2015","5.32","5.39","5.47","5.32","2.98M","-1.48%"
"Dec 07, 2015","5.40","5.49","5.49","5.39","2.56M","-1.46%"
"Dec 04, 2015","5.48","5.55","5.55","5.43","3.42M","-0.72%"
"Dec 03, 2015","5.52","5.65","5.69","5.52","2.88M","-1.78%"
"Dec 02, 2015","5.62","5.76","5.77","5.61","4.69M","-1.58%"
"Dec 01, 2015","5.71","5.80","5.80","5.66","4.25M","-1.04%"
"Nov 30, 2015","5.77","5.67","5.78","5.66","3.06M","2.12%"
"Nov 27, 2015","5.65","5.64","5.76","5.60","2.85M","-0.70%"
"Nov 26, 2015","5.69","5.77","5.78","5.62","2.30M","-1.56%"
"Nov 25, 2015","5.78","5.77","5.80","5.66","2.70M","0.87%"
"Nov 24, 2015","5.73","6.01","6.02","5.73","4.54M","-4.98%"
"Nov 23, 2015","6.03","6.08","6.14","5.98","2.26M","-0.99%"
"Nov 20, 2015","6.09","5.97","6.11","5.97","2.54M","1.84%"
"Nov 19, 2015","5.98","5.90","6.01","5.90","2.89M","1.87%"
"Nov 18, 2015","5.87","5.87","6.00","5.86","3.38M","-0.17%"
"Nov 17, 2015","5.88","5.92","5.94","5.87","3.55M","0.00%"
"Nov 16, 2015","5.88","5.93","5.96","5.86","2.28M","-1.18%"
"Nov 13, 2015","5.95","5.99","6.03","5.94","1.77M","-1.33%"
"Nov 12, 2015","6.03","6.01","6.04","5.91","2.82M","1.01%"
"Nov 11, 2015","5.97","5.94","6.04","5.94","1.84M","0.84%"
"Nov 10, 2015","5.92","6.05","6.11","5.92","2.16M","-1.99%"
"Nov 09, 2015","6.04","6.03","6.13","5.99","1.78M","0.17%"
"Nov 06, 2015","6.03","6.13","6.13","6.03","1.45M","-1.79%"
"Nov 05, 2015","6.14","6.10","6.16","6.05","3.25M","0.99%"
"Nov 04, 2015","6.08","6.19","6.25","6.08","3.35M","-1.30%"
"Nov 03, 2015","6.16","6.25","6.25","6.06","2.41M","-1.12%"
"Nov 02, 2015","6.23","6.49","6.49","6.19","5.98M","3.15%"
"Oct 30, 2015","6.04","5.84","6.04","5.77","3.85M","3.42%"
"Oct 28, 2015","5.84","5.88","5.90","5.79","1.23M","-0.68%"
"Oct 27, 2015","5.88","6.02","6.04","5.86","1.58M","-1.84%"
"Oct 26, 2015","5.99","6.07","6.08","5.99","1.43M","-1.32%"
"Oct 23, 2015","6.07","6.01","6.15","6.00","2.45M","1.85%"
"Oct 22, 2015","5.96","6.10","6.11","5.92","4.91M","-2.30%"
"Oct 21, 2015","6.10","6.25","6.25","6.07","2.87M","-2.40%"
"Oct 20, 2015","6.25","6.23","6.25","6.14","2.97M","0.64%"
"Oct 19, 2015","6.21","6.33","6.35","6.21","1.86M","-1.90%"
"Oct 16, 2015","6.33","6.24","6.33","6.19","5.19M","1.77%"
"Oct 15, 2015","6.22","6.24","6.27","6.22","2.13M","0.32%"
"Oct 14, 2015","6.20","6.36","6.42","6.20","4.30M","-2.36%"
"Oct 13, 2015","6.35","6.33","6.43","6.27","4.67M","0.95%"
"Oct 12, 2015","6.29","6.25","6.41","6.24","2.16M","0.64%"
"Oct 09, 2015","6.25","6.19","6.25","6.18","2.99M","1.79%"
"Oct 08, 2015","6.14","6.14","6.21","6.09","3.96M","0.00%"
"Oct 07, 2015","6.14","5.90","6.14","5.90","5.16M","4.07%"
"Oct 06, 2015","5.90","5.90","5.96","5.86","2.19M","0.00%"
"Oct 05, 2015","5.90","5.81","5.93","5.79","1.80M","2.43%"
"Oct 02, 2015","5.76","5.70","5.78","5.64","2.33M","1.59%"
"Oct 01, 2015","5.67","5.75","5.80","5.65","2.09M","-1.22%"
"Sep 30, 2015","5.74","5.67","5.74","5.65","3.09M","2.14%"
"Sep 29, 2015","5.62","5.58","5.65","5.56","2.96M","0.00%"
"Sep 28, 2015","5.62","5.78","5.80","5.59","3.48M","-2.60%"